"","team_id","name","tag"
"1",3783507,"Pyro Raptor","PR"
"2",3322396,"ENTiTY ESPORTS","ETE"
"3",2836814,"Cool Candy","CoolCan"
"4",3482230,"Ranger Gaming","[RG]"
"5",2660970,"Hea Fun","HF"
"6",2835402,"Team Gorilla-","TG-"
"7",2891935,"Indo Badut","IB"
"8",2881728,"Team MisCommuNicaTioN","Miscom"
"9",1299826,"Moosesports!","Mooz"
"10",3047209,"ScareCrow","ScR"
"11",1975134,"EMIM","EMIM"
"12",2905843,"MDG.Lan Center","MDG.lan "
"13",3366879,"Platinum Gaming","PG"
"14",494197,"EXECRATION1","XctN"
"15",3470956,"SkakMat","SkakM"
"16",2556386,"RES NON VERBAA","RNV"
"17",982122,"Team Quetzal","QzL"
"18",711486,"Re!nCarnat€D ","R.!nC"
"19",1410456,"TeamCoast","mmc"
"20",2781555,"Haunt Till Die","HtD"
"21",3325406,"Romania","RO"
"22",2582666,"@AMPED3","@AMD3-"
"23",711796,"OguraYui","OguraYui"
"24",3338261,"NIGHT HUNTERS","NH"
"25",3544750,"Team Vigor","Tm'Vi"
"26",3927048,"TeRroRisT Team","Tt"
"27",2587309,"The United States","America"
"28",2745129,"-Dark Passage eSports-","DP"
"29",3692831,"Valkyries","VT"
"30",3731311,"Prelude","Prelude"
"31",3069495,"ZENNIT","ZN"
"32",3713339,"Nullstone Gaming","Linkens"
"33",1701225,"3c4sr","3c4sr"
"34",3586078,"Geek Fam","GeekFam"
"35",1476172,"Cafeteria fraiche","CF"
"36",3020072,"DUOBAO.INT","DUOBAO.INT"
"37",3582454,"El Diablos","ED"
"38",2845183,"RevengeSpirit-Reborn","Rvs-R"
"39",3752262,"GBK","GBK"
"40",2348833,"Thug_Life :V","T-L"
"41",496207,"Hello This is Dog '","HTID"
"42",2839985,"Double Combo Gaming","DCG"
"43",3321900,"DilecomTeam","DilecomT."
"44",2824755,"",""
"45",2842794,"Team Bad English","TBE"
"46",847876,"Become Dota King","BDK"
"47",1026207,"SuperNatural.int","[SN]"
"48",392681,"anima_","anima_"
"49",1642908,"Natus Vincere US","Na`Vi US"
"50",3812482,"THE OUTSTANDING BEAST","BEAST"
"51",883545,"Kawaii^","Kawaii"
"52",2866609,"Exploit","EXP"
"53",3849887,"Burning Crows","Crows"
"54",848279,"Dream OX","DOX"
"55",3885677,"BIANBULBOL","BB"
"56",709510,"Fast.M1x","F.M1x"
"57",1374236,"Ahead.","Ahead"
"58",1276923,"Leviathan'","LvT"
"59",2895887,"Anak Bintaro Ciledug Dansekitarnya","ABCD"
"60",2692980,"Mystify Gaming","Mystify"
"61",55316,"devedeset i devet posto","99%"
"62",1163855,"GOOMBA Gamingg","GOOMBA"
"63",2922498,"Velocity 5","V5"
"64",1836806,"the wings gaming","Wings"
"65",3261423,"Gruduk Gaming","GG"
"66",3650939,"LCA E-SPORT","LCA "
"67",3704046,"","AKz"
"68",3337522,"Butterfly Effect","B/E"
"69",1929695,"KappaGam!ng","Kappa"
"70",1908179,"DUOBAO","DUOBAO"
"71",3617620,"Gak Lapo-Lapo","GLL"
"72",3546532,"DNLTEAM","antimage"
"73",2501784,"Restu Ibu Gaming","RIG"
"74",3334225,"Experience Gaming","EXP"
"75",2895509,"Legacy  Gaming","Legacy"
"76",454891,"MEKA.Tt eSPORT","MEKA.Tt"
"77",2514381,"No Stun!","NS"
"78",2263934,"Anak Ondel Ondel","AON2"
"79",77666,"LGD-GAMING.int","LGD.int"
"80",2030300,"TUFF DOTA","TUFF"
"81",2701571,"DMC - Devil May Cry","DMC"
"82",882439,"Max King","MK"
"83",829574,"InVinCibleFlamezonE","IvC"
"84",2609939,"Soul of Indonesian","SOUL ID"
"85",3326875,"Faceless","fL"
"86",1550845,"Team-Burster","Burster"
"87",2870739,"Cum Back is R3al","CBiR"
"88",1291626,"XPC.gg","XPC.gg"
"89",3658595,"Sigma Win","<U+2211>W"
"90",2663631,"4Mer!caL (360 Gaming Zone) ","4Mer!caL"
"91",3929096,"G-Plus","G-Plus"
"92",713656,"E-sports Zenith Gaming","EzG"
"93",1319952,"who2bet.D2R","-who2bet"
"94",2349491,"Shoofazh Gaming","SG"
"95",3323563,"Blades of Chaos","BoC"
"96",314627,"Swagenteiger","SwG"
"97",3583077,"Wisanggeni","WNI"
"98",2032869,"Hzxzx","Hzxzx"
"99",1733968,"JJY","JY"
"100",3318843,"LW","LW"
"101",34,"DuskBin-Esports","Duskbin"
"102",1252828,"Scrofulous","scr"
"103",311079,"rebeldes","rbd"
"104",6684,"GizMo Gaming","GizMo"
"105",3783697,"Smoking Parrot","SP"
"106",3445022,"Ramzet DOGTO","RamzDog"
"107",2843230,"UNITED FOR EVER","[UFE]"
"108",2310316,"Bolt3","Bolt"
"109",3929338,"ZOo","ZoO"
"110",523845,"Bangbros420","Bangbros"
"111",2842442,"Koala Bears (pink)","KgB"
"112",1348175,"!RAZE E-SPORTS CLUB","RAZE"
"113",1146132,"SOUL KEEPER GAMING CENTER R","SKGCF"
"114",3259436,"Team Warcil","TeamWarciL"
"115",1886415,"Team 59","FiFty9"
"116",1440045,"SlayerGames","slayerG"
"117",2606139,"Team YP","TeamYP"
"118",2332600,"Dream place to Star","DptS"
"119",2907229,"Team Ascension","Asc"
"120",2052867,"The Peruvians","PERU"
"121",2872878,"OutPlayed","OutPlayed"
"122",3888811,"Demons By Night","Demons"
"123",3546387,"King of Dota","KOD"
"124",1934712,"Hao Fan Club","6k's fan"
"125",2085365,"-Ninjas-in-Pyjamas-","NiP"
"126",1510783,"Hidden Pool Kings","HPK"
"127",2843041,"Paragon5","PG5"
"128",2373906,"USBC1D1","USB"
"129",2336312,"Nejat Dota2 Group","ND2G"
"130",2791586,"EverNovaS","ENS"
"131",2900939,"HS",""
"132",2386699,"Luis + 4","Luis + 4"
"133",3586501,"4 humans and 1 homunculus","1HA4H"
"134",3727890,"TMNT","TMNT"
"135",1001763,"Nova","Nova"
"136",3330230,"Five Rejects",""
"137",3734159,"PROYEKAN GAMING","PG"
"138",2994709,"TIGER RACING  :V XDXDXDXDXD","Secret Old"
"139",2406808,"World's End","WE"
"140",2581440,"Team Germany!","DE"
"141",2743063,"ADAM'SON","ADAM'SON"
"142",1863244,"Dota Council","DC"
"143",3341663,"Return of the king","Rok"
"144",3661389,"NOS","N.O.S"
"145",1501259,"Unbelivable Gaming","UG"
"146",2776208,"White Fries Gaming","WF"
"147",2792717,"ARsonist","AR"
"148",2838180,"eForve","eForve"
"149",2886271,"Noobs. inc","N|C"
"150",3928852,"Eye of the storm","EOS"
"151",3332623,"Dark Karma","dK-"
"152",2319121,"RevivaL.eSports","RvL"
"153",763452,"The Bonk","The Bonk"
"154",2858848,"BILLING OBELIX","OB"
"155",2919372,"SynecDOche:TA","DOTA"
"156",2121414,"Phantom Troupes","pTroupes"
"157",1982184,"w4cdg","c4w"
"158",2916760,"South Indian Rejects","SiR-"
"159",2802820,"Ambitious Scrubs ","AS"
"160",2816249,"Patah hati","PHP"
"161",2893752,"Knights of Retalliation","KoR"
"162",3660389,"SICK GAMING ","[S.G]"
"163",2919891,"Fly To Win","FTW"
"164",868326,"Big.Ghost","BG"
"165",2750432,"Great Invader","GI"
"166",2486985,"The Weeee Weeee Tootie","WW2"
"167",1405222,"Happy Feeding","HF"
"168",414893,"shitbirds","sbs"
"169",3744975,"AVIUS REBORN","AR"
"170",2192525,"TongFu North America","TongFu."
"171",1540210,"MiGo.CN","migo"
"172",1722916,"Mosquito--repellent incense","MRI"
"173",3549060,"BUNDLE OF DREAM","BoD`"
"174",2338511,"Tasik Anti Rata","TAS"
"175",2308619,"Note","Note"
"176",3884181,"Team Error","Error"
"177",1242087,"Exile 5","x5"
"178",3812825,"Nova E-Sport","Nova"
"179",3149918,"Beyond Creation","BC"
"180",1351674,"Monkey Spanner","MK"
"181",2486559,"PUSSYALERT TINGLINGLING","PSYA"
"182",3587018,"UNLEASHED GAMING","uG|"
"183",2860670,"",""
"184",473924,"Despicable Me 2","DM2"
"185",3691279,"PONDOK GAMING","PG"
"186",1820360,"TEAMERINO TINKERINO","TT"
"187",2921333,"Team Retribution","^t.R^"
"188",2811728,"SHICHIMIYA","m"
"189",2809917,"Mamkiny sportsmeny","MST"
"190",2635752,"Pariah Caste",":PC:"
"191",2887084,"Frostmourne Hungers","FH"
"192",1869209,"hongxing 5","D.E"
"193",2238075,"Tubinet Gaming","2bn"
"194",2007370,"INCT GAMING","INCIT"
"195",216069,"Team Vanquisher","VQ"
"196",1522614,"AxeOFGod","AOG"
"197",3618485,"1 Lose = Disband","1LD"
"198",2643584,"322 IS SO SHIT","322 ISS"
"199",2808820,"Classic","Classic"
"200",1276821,"Team ImpreZa 2015","Standin"
"201",1463153,"Team Yard","Yard"
"202",1532236,"Panther.","PT."
"203",315670,"Artysta","Artysta"
"204",2755103,"Moonlight Warrior","Moon"
"205",3854172,"Cyber Zone Reborn","CZR"
"206",2435301,"Voracious Wind","VW"
"207",2007896,"Nightcore-","NC"
"208",95901,"AKG Acoustics","AKG"
"209",1161668,"xGame.kz","xGame"
"210",2592133,"2D TEAM_","2DT"
"211",2780729,"G.star","GS"
"212",1556884,"AftershockGaming Int.","aShock"
"213",2524677,"",""
"214",2722185,"MGS_X2 E.Sport","MGS"
"215",3624931,"ONYX","ONYX"
"216",2413217,"",""
"217",3508243,"Meow 111","Meow111"
"218",1917833,"Adeks e-Sports","Adeks"
"219",1911679,"Teamerino Meeperino-","tM"
"220",3321220,"",""
"221",1266451,"Micare in tenebris","MiT"
"222",3156755,"Akatsuki","Apple"
"223",2094703,"The Funk Bunch","FUNK"
"224",1287653,"Assail","^"
"225",702792,"FATKIDinside","fki"
"226",3888297,"Pandora E-sports","PES"
"227",2848682,"Cartmans Cavalry","C2"
"228",3326728,"S O L I D U D E S ","dude"
"229",2820808,"Emperor","Emperor"
"230",2915593,"Seniors","Senior"
"231",1509822,"Ignite Force","igF"
"232",2391298,"Viggo.net E-sports","Viggo"
"233",983699,"Turtlemasters","turtle"
"234",2414095,"Avalon_Club","Avalon"
"235",2469752,"CrYsTaL Gaming....","-CG-"
"236",1521260,"ColourfulRainbows","colR"
"237",2665688,"Vicious Viper Empire","V x V"
"238",990533,"MeeT YouR Mak3rS","mYm"
"239",2623100,"TEAM ABCD-","TM ABCD"
"240",881392,"South Beach Dota","SBD"
"241",886928,"Revival Dragons.","RD"
"242",1257752,"Telmate Terrors","TMT"
"243",3746411,"JumpBee.BOSS","JB"
"244",1046480,"Imbalances BansaiKia","IMBS-PsK"
"245",981293,"_Cleave_","Cleave"
"246",2556528,"The Dragon Ica","TDI"
"247",2205056,"No Secret GAMING","NS"
"248",2901210,"KehKeLenge","KKL"
"249",2891708,"MegaNoobs","MGN"
"250",2851420,"Urang Minang","UM"
"251",3022446,"TEAM FEVER","FEVER"
"252",3783460,"Rose sport","Rose"
"253",9,"Keita Gaming","KEITA"
"254",3095485,"2 BIG 4 U","2BIG4U"
"255",3563081,"Genoma Gaming","GNM"
"256",1551982,"startedfromzehbottomnowwehere","KING"
"257",2618373,"Make it for Soul","MiFS"
"258",2730618,"G.T.","G.T."
"259",3887209,"REJEKI BNI TAPLUS","RBT"
"260",1841789,"The Fab 5","The Fab5"
"261",269944,"Veyron.International","Veyron"
"262",634974,"Zero Co-ordination-","ZC"
"263",3107877,"7 Eleven ","7.E"
"264",2813258,"Cyber Raccoons","CR"
"265",2881745,"Fisker Insidious","Fisker"
"266",2909129,"LIQUID IXMIKE88","IXMIKE88"
"267",3313892,"Los vatidolkaz","Lov"
"268",2557593,"",""
"269",3657755,"INSIDE FREEDOM","IFREE"
"270",2542107,"Ezel","Ezel"
"271",535718,"Joe Net Phenomenon","JET.PNM"
"272",2893953,"",""
"273",1789363,"Team.GO","GO"
"274",1962669,"XIGUADADUI","XG"
"275",3322097,"Area31D","A31D"
"276",9896,"Can't Say Wips","csW"
"277",3516794,"Advance Gaming",""
"278",3471134,"TEAM LUNA","Ln"
"279",3620949,"The Return","RotK"
"280",1479019,"Donkey blink dota","DBB"
"281",3513004,"",""
"282",2548789,"HellRaisers Dota 2","HR"
"283",1965150,"No Snake Allowed","NSA"
"284",29,"Team Quantic","Quantic"
"285",2898684,"Team Solo Mid","TSM"
"286",1859476,"Cafe Lu Crew","CLC"
"287",2973962,"NATURO LOVERS","WIBU"
"288",2844075,"SYNDROME TEAM","SYN"
"289",3415050,"Rebirth Esports","RBT"
"290",1996176,"Cechi +4","C4"
"291",1787546,"Summa est Victoria","SeV"
"292",2120771,"Team ICE`","ICE"
"293",3098628,"Brain DDOSed","DDOSed"
"294",1890226,"Overdose","O.D"
"295",1442902,"dSc gaming","dSc"
"296",3334621,"Hard Question","HQ"
"297",2798377,"GTM GAME","GTM"
"298",3319006,"PokemonGo","PoGo"
"299",1195794,"BearShark","BS"
"300",2642413,"G00mba Gaming","G00mba"
"301",2969737,"Tampan-Tampan Nangkring Team","TNT"
"302",1403764,"",""
"303",3095882,"incredible five","if."
"304",2835215,"F a k e","F a k e"
"305",2861986,"The Soup Kitchen","SK"
"306",2890527,"Gaming Pirates","Pirates_"
"307",2428289,"Elite Wolves","E.Wolves"
"308",2888565,"Throw Gaming","TG"
"309",3265020,"Silence","Silence"
"310",2809134,"ELEVENDOTA","Eleven"
"311",3347940,"Navigo Gaming","NavG"
"312",888984,"Team-CYCLONES","cYc"
"313",2150829,"Adess Gaming","AG"
"314",2514175,"Somos Pro .","SP"
"315",410024,"DRMZLEDIONSTEELSERIES","DRMZLDSS"
"316",2317852,"Elephant in the Room","ER-Zeros"
"317",2881840,"Sweet Boys","Sweet"
"318",2843660,"Magnator gaming","MG"
"319",2757429,"balrogs!","B"
"320",3326680,"Horde","Horde"
"321",2817,"Yellow Solo Mid","YSM"
"322",2706795,"Monkey Freedom Fighterss!","MFF"
"323",2279447,"You TD Savants","YTD"
"324",1175711,"[TTW] Time To Win","TTW"
"325",916115,"Mahameru.ID","Mahameru"
"326",2180670,"Rise From Ashes","RFA"
"327",2640099,"Shazam~","Shazam"
"328",1570127,"Elite Dominators","El Don"
"329",2338533,"NgahulengTarik","NGT"
"330",691927,"TEAM XENEX","XENEX"
"331",1194539,"Aspera/","Aspera"
"332",1297607,"winnerers","wiN"
"333",2669922,"Team AGG","AGG"
"334",3320084,"Sekrups Already Ded","SAD"
"335",252256,"Aurochs.int","LFT"
"336",2642451,"Kamikaze In The Face","KamiKaze"
"337",1063650,"The 0verwhelming","To"
"338",37,"Mineski Hyper-X","Mineski."
"339",2898891,"Ray","Ray"
"340",2531618,"Enso","Enso"
"341",849998,"lancenteralex!","Doto"
"342",2857445,"GoXpE","GoXpE"
"343",2771118,"Daisy Merollin","DM"
"344",3346421,"CupuTapiLucu","CTL"
"345",2049049,"HTML TEAM","HTML"
"346",3449958,"SPLUS EMPIRE","S+"
"347",2704256,"Invu|nerable","Inv"
"348",1585447,"Žgrumblanda","w5"
"349",2823650,"",""
"350",1888519,"Jesus.+4","Jesus.+4"
"351",3444087,"Perfect Gamer Reborn","PG Reborn"
"352",2921082,"A-TEAM","AT - "
"353",3212928,"NEW ETHERNAL TEAM","NET"
"354",3845810,"Tatum","Tatum"
"355",2901737,"infinity","InfinitY"
"356",761059,"MARCEL THE SHELL WITH SHOES ON 2","MTSWS2"
"357",1695207,"Skyland Global","Sky"
"358",2585302,"Revival_Gaming","RevivalG"
"359",3851482,"DD.Dota","DD"
"360",3335660,"team_ftd_c","FTD.c"
"361",2887364,"aRe yoU Angry","RUA"
"362",2226499,"Hell Boys E-Sport","HellBoys"
"363",1855559,"~Dotality~","Dotality"
"364",2931420,"Men in serious shit","MISS"
"365",3457125,"","PG"
"366",1851875,"Team SynChronize","SynC"
"367",2741602,"Too eZe!","!TE!."
"368",1277097,"After Life X","ALX"
"369",2750763,"OyunHizmetleri","OH"
"370",805172,"Avant Garde Gaming","Avant"
"371",3321313,"CYCLONE BROTHERS","CyBro"
"372",3783713,"GIANDK LOVERS","GDKL"
"373",1462571,"CounterHelix","CH"
"374",2700097,"Aai Zavli Palaaa","AzP^"
"375",3381675,"Question Mark","QM"
"376",1667620,"ZonaVip Gaming|","Zonavip"
"377",2663590,"SORRY-GG","SG"
"378",844491,"NoName Lobsters","NNL"
"379",3658895,"MINDA UTAMA ","MU "
"380",2507794,"Team squartle","Squartle"
"381",41,"4 Friends + Chrillee","4FC"
"382",2488099,"Sector V.","Sector V"
"383",3414631,"RISE Expediter","RISE.XPD"
"384",2219811,"TooHardForRetards","2hrd4trd"
"385",2842190,"Jericho Team","JRCH"
"386",2742031,"GlimmerBoys","GB"
"387",1518118,"Team Poker Face","PKF"
"388",980456,"Ham-Ham Clubhouse","HamHam"
"389",3346832,"FOX GAMING","FOX"
"390",1718551,"ROOT-gaming.com","ROOT"
"391",1421914,"Zenith.E-sports.CN","Zenith"
"392",2487185,"Team Re-Born","T-Re-B"
"393",2921347,"Team END","END"
"394",3413527,"STFU",""
"395",2419566,"","T.A.G."
"396",3820620,"Bac Gaming House x d! ","BGH"
"397",1196376,"SALTO ers","SALTO"
"398",1979704,"Lost Protocol","LPro"
"399",2831881,"Digital Geniusese","DG"
"400",768475,"dargoneblaydes","db"
"401",2309743,"Cr@B PeOpLe 7","CP7"
"402",3747060,"Union Gaming HyperX","uG.HyperX"
"403",2895823,"Seng Penting Yakin",""
"404",720700,"Union Gaming ","uG"
"405",1217191,"Empire Gaming Astana,,,","EGA"
"406",3753465,"DREADNOUGHT","Dre"
"407",2398232,"Acion Arena - Dota2","AcA"
"408",2635279,"X-Generation E-Sports","xG"
"409",3343583,"Monkey.BusinesS","Monkey.B"
"410",2767921,"Team-Rave","Rave"
"411",1928990,"Team Blink Dagger INA","TBD"
"412",2570590,"FromEast","FromEast"
"413",1616870,"Jampinet","pAranoit"
"414",148164,"Flawless","FL"
"415",2850065,"'Mad Scientists'",""
"416",2038339,"WHZX","WHZX"
"417",3333047,"Team DK ","DK"
"418",869361,"RCNT","RCNT"
"419",2923621,"Palihmana Gaming","PMG"
"420",2133008,"Apes and Chimps","APE"
"421",1534470,"Dota Extreme Society","DES"
"422",1960029,"Energy Pacemaker gaming","EP"
"423",1981373,"Shandong University TUFC Gaming","SDU TUFC"
"424",3214108,"Team NP","NP"
"425",2679379,"Speedy Gaming UNIT","sG"
"426",2758894,"LANAYA","Lanaya"
"427",1854827,"Vanguard.Corp","V.C"
"428",1924932,"Nirvana Rebirth.","NR"
"429",2875905,"Nyx.Nyx.Nyx","Nyx"
"430",2403940,"4 Creeps and Ranged","4C@R"
"431",2926857,"4c1bc","4c1bc"
"432",2527544,"T Show","TShow"
"433",3761660,"Babol Gaming","BG"
"434",3930071,"The Saturn","Saturn"
"435",2650758,"TIBUNET E-SPORTS","TIBUNET"
"436",2323376,"The Business gaming.com","TBG"
"437",2370108,"5.RANDOMS","5R"
"438",1047542,"","-EnvY|"
"439",2304216,"7nvyse-","7vy"
"440",1972794,"CYGNUS G.C","."
"441",2651694,"Mystic Glory","MG"
"442",2830221,"Generation_of_Miracles-","GM"
"443",2208860,"Spartan Five","S.F"
"444",2888351,"Evil Dragons","ED"
"445",2272664,"C H O P P Y B O Y S","T."
"446",2703714,"Legacy Squadron","Le`sQ"
"447",1455535,"Sbwen","Sbwen"
"448",3323559,"Azide","Azide"
"449",1394471,"Nameless dota","Nameless"
"450",3784548,"Farhad Game CenteR","FGC"
"451",2983942,"<U+4E95><U+5188><U+5C71><U+77ED><U+817F><U+730E><U+4EBA><U+4EEC>",""
"452",3722973,"Team Onyx","Onyx"
"453",2642915,".KungFu","KungFu"
"454",2434150,"Chile Campeon de America","CCA"
"455",3324727,"Wrong5","w5"
"456",2770170,"GO SURE","GOSU"
"457",2926573,"KINGS WITHOUT CROWNS","KWOC"
"458",2634810,"EHOME.LUMINOUS","EHOME.L"
"459",2653763,"Team Rocket322","Rocket"
"460",12,"Ahead.kz","Ahead.kz"
"461",3343967,"Wings.Red","Wings.R"
"462",3751025,"feralpina","FPN"
"463",2757494,"iNvaders!","iNv"
"464",470237,"High Skill Dickheads","HSD"
"465",3210117,"BASIC'Gameing","BASIC'"
"466",2511506,"DG.Gamers","DG"
"467",1957910,"Lilith7","lilith"
"468",1335685,"MeetYourMakers.Dota2","MYM"
"469",985583,".TSG","TSG."
"470",1990162,"Moscow Five International","M5.Int"
"471",3852402,"Vanguards","Vanguards"
"472",3749330,"bambu putra",""
"473",2688686,"Malaikat Kegelapan","MK"
"474",23,"Team Infused","Infs"
"475",408335,"DustGaming","Dust"
"476",3513553,"Hard Question","HQ"
"477",1054897,"PENGYOU","PY"
"478",1702762,"eXdee Gaming","xD"
"479",1944906,"The Invincible Sword Of God","THANOS"
"480",1080746,"The Prime Arvore","TP.Arv"
"481",1330124,"Secret Joke","SJ."
"482",3262329,"Tom N Jerry","TNJ"
"483",2112592,"Flamin Pink Flamingos","FPF"
"484",2606664,"TMNT DOTA 2 TEAM","TMNT"
"485",2020356,"The Plumber Crackers","TPC"
"486",2922359,"Monkeys","M.k"
"487",2585609,"Shot e-Sport.","Shot"
"488",2646086,"SkillOffBacotOn","SOBO"
"489",463048,"insidiousidol","ii"
"490",2596350,"4FAT","4FAT"
"491",2783809,"Majapahit Esports","[M]"
"492",2913195,"Sacrifice","Sacrifice"
"493",36008,"ROOT Gaming","ROOT"
"494",2777986,"Invincible Xtreme","iX^"
"495",2219924,"CrYsTAL Gaming...","-CG-"
"496",517316,"My Courier Can Fly","MCCF"
"497",3313343,"Inaequalis","Inae"
"498",2718469,"5implex","5px"
"499",2591722,"NICHEEEEE","niche"
"500",2583702,"Vivian","Vivian"
"501",3657414,"Yang Terlupakan","Yang"
"502",2803448,"Team Dog.","TDog"
"503",3752541,"Team GB",""
"504",1534797,"Attack_SMile","ATT"
"505",2761257,"UnderTake","[U-T]"
"506",2239086,"Ehome Malaysia","Ehome.My"
"507",3312477,"TEAM FARROS","FARROS.NET"
"508",1978511,"chinese hope","DXG"
"509",2901121,"TOP","ToP"
"510",2862712,"V Rulzz","VRulzz"
"511",1363031,"stealth._.gaming","MuD"
"512",2247383,"San Benito Retards","SBR"
"513",3437010,"Possitive Meepo","PMeepo"
"514",248456,"Invasion eSports","Invasion"
"515",2866312,"OnceAgain","OA"
"516",2899037,"Perfection is Shit","P.i.S"
"517",2052901,"God Of War","GoW"
"518",1759298,"Eastern X Eagles",".exe"
"519",1626847,"Tengen Gaming","Ten"
"520",1175580,"sQreen's squad v2.0","ss"
"521",2884359,"iNViCTuSoG-","iNViCTuSoG"
"522",2519319,"(monkey) Business","(monkey)"
"523",2488123,"CoreNexGen","CoreNexGen"
"524",237586,"Seniors Reborn","Seniors"
"525",1698139,"Dream Five ID","Dream5"
"526",2822651,"Devil May Cry._.","DMC"
"527",2634570,"What Would EGA Do?","WWEGAD"
"528",2859283,"Emperor Slayer","ES"
"529",1079149,"SIGMA.int","SIGMA"
"530",805174,"Dt GAMING","DtG"
"531",2069049,"ThreeDay","3Day"
"532",2841089,"EZ GAME_EZ LIFE","EZG.EZL"
"533",2087494,"EroBuddies","EB"
"534",2925765,"TeaM Envy","TME"
"535",3210352,"RaveDota","Rave"
"536",1371515,"Aware.Gaming","Aware"
"537",2414755,"iNvolute","iN"
"538",1370482,"Doggy Team","DOG"
"539",105374,"ViCi Gaming__","VG"
"540",1373008,"Orenda.US","Orenda"
"541",3727460,"Black Goat","BG"
"542",2398098,"NO MERCY","MERCY"
"543",582318,"Birdgang","bG"
"544",1513164,"aSpera ESports","aSpera"
"545",3148633,"Team Surprise Gaming","TSG--"
"546",3786314,"Vultura Gaming","Vultura"
"547",1866993,"Speed Gaming.Nan Tong","SPG.NT"
"548",2830547,"SmallPond","SP"
"549",2748441,"G1 eSports","G1 eSports"
"550",1538431,"Have no awnser","Noala"
"551",1286339,"Arizona Iced Out Boys","sad"
"552",1000600,"xXDDDDDDDDDDD","x'D"
"553",2006414,"Midas Touched","MDT"
"554",2496510,"Kaboom! Gaming","KG"
"555",3725701,"Happy Feet","HF"
"556",1481989,"Blue Sauron","BS"
"557",3314510,"PKL","PKL"
"558",2064049,"Team Jerry","[J]"
"559",2526570,"Wonder Goat","WonderG"
"560",2496863,"Team Hato`","Hato"
"561",2197847,"Burden United","BU"
"562",1933305,"Please Report Timbersaw","PRT"
"563",2902336,"Papua Dota2 Player","Papua"
"564",3512319,"EXPECTATION E-sport","Excttn"
"565",3588528,"HGC V","[HGC.V]"
"566",2664588,"The Prime Cinderpina","ThPrimeC"
"567",2576685,"Arunachal Warriors","AW"
"568",2580420,"Team.Senpai","Senpai"
"569",1199473,"DEMONIAC - S","DMC - S"
"570",2928208,"DC.Hco ","DC.Hco"
"571",2833354,"Vici Gaming Potential","VG.P"
"572",2613736,"BASYK","BASYK"
"573",1103279,"Tryhard !!","Tryhard"
"574",2451788,"Dream Weavers Gaming","DWG"
"575",1993524,"Suxy squad","SS"
"576",3786240,"XGATE Rvltn","XGATE"
"577",2736919,"Wisnu Cyber Game","WCG"
"578",2602556,"\\\Loser Winner","\\\"
"579",2884142,"",""
"580",637725,"<>..","MDL"
"581",1236868,"Cyl3er Arena Gaming","CA-xD"
"582",3016612,"CDEC AVENGERS","CDEC.A"
"583",151368,"Awake ;)","Awake"
"584",3888642,"Bufallos","Bufallos"
"585",2559058,"MN Hyper","HYPER"
"586",2122095,"Illuminati Gaming.","Ill"
"587",2600130,"HTML Gaming","HTML"
"588",1998398,".WARCHIEFS.","WAR"
"589",2789910,"Santet","Santet"
"590",3353334,"Nub Squad","N5"
"591",2842514,"Nomen Boys","NO`BO"
"592",2199564,"Jayce N.G","Jayce NG"
"593",2887577,"sQreen's squad reborn","SS"
"594",1826766,"aBcaBcABCccc","ABC"
"595",1220593,"Kingdom-","Kingdom"
"596",1941004,"bloos clues","bbc"
"597",2600813,"ValhallaWarriors","V.Warrior"
"598",2670836,"Tesla Reborn","TeSLa"
"599",784775,"Cede.Nullis","TCN"
"600",723471,"No soosmar","[NS]"
"601",2270174,"Sumayo Gaming PE","SGP"
"602",577426,"Kamikaze-","Kaze"
"603",2916896,"Gatchina","Gtn"
"604",1271771,"Zero Latitude","ZL"
"605",3023244,"VisioN","VN"
"606",3661849,"Team PewPew","PewPew"
"607",2205611,"Ley Horse","L.H."
"608",2856191,"Chup re Otye","Cro....."
"609",2108325,"[F]rost[M]ourne","[F][M]"
"610",2061104,"The Future Ancients","TFA"
"611",3579560,"FTW","FTW"
"612",2552118,"FTD club a","FTD.a"
"613",2648746,"AJ's Bitches","AB"
"614",2766939,"Cynical.","CYN"
"615",2867419,"Twisted Gamers","TG"
"616",3705914,"AW","AW"
"617",3942074,"The Trinity","Trinity"
"618",2202484,"Effect","Effect"
"619",2458673,"Digital United","DITU"
"620",2123872,"Awesome Kamikaze Pilots!","AKP!"
"621",3411871,"MoonShiners","MShine"
"622",2146127,"Uninvited Team","UT"
"623",2769826,"beshAnie psi","bs"
"624",3313610,"3 Claritky","3CL"
"625",2916720,"Revolution",""
"626",2735023,"Anti Venge`s","AVS"
"627",2485941,"Valakas Lan Center","Vlk"
"628",1208679,"Aspera)","Aspera)"
"629",2757962,"Bracer King","BracerK"
"630",2922425,"Insane5","I5"
"631",3266020,"BigBoys",""
"632",3414728,"Team Sikrit","Sikrit"
"633",2,"Zenith","Zenith"
"634",1994905,"TeamRomania","TeamRO"
"635",760055,"Vintage Gamers","VG"
"636",1919870,"Fairplay Gaming Mayonaise","FPG"
"637",2077272,"KS-","KS2014"
"638",2888334,"Threye","Threye"
"639",1295621,"PowerPlay E-Sports","PP-TRIC"
"640",2346135,"Team HLH","HLH"
"641",3623538,"Destiny Gaming","DG"
"642",2795376,"Cosmic F4","Cosmic"
"643",2925921,"Team envy","G4L"
"644",2860369,"WilD ExecuTioN","WEX"
"645",2921289,"Damage Inc. Team X","DI"
"646",2738689,"DTT","DTT"
"647",2787008,"Corgi in a Team","Ciat"
"648",3413786,"90's Old Revenge","90`s RvG"
"649",1869482,"Wombat-Gaming","WG"
"650",2522965,"TEAM TO END","TO END"
"651",527114,"ESport Next Gaming","NXT"
"652",3155271,"Team JMD","Team JMD"
"653",1278529,"Comeback","CMBK"
"654",2832413,"The Meme Regime","Meme"
"655",3444630,"NewHope","NewHope"
"656",1567323,"DanRan","DR"
"657",3353280,"This is fucking Crazy","TIFC"
"658",2535294,"Noo Logic Gaming","NLG"
"659",1798782,"Exotic Nexus","En"
"660",2578382,"",""
"661",3210649,"PRIES","PRIES"
"662",2177826,"~HIGH RANKERS~","HRnK"
"663",2488383,"Mango Fondlers","MF"
"664",208148,"Big wenling","BWL"
"665",46,"Team Empire","Empire"
"666",2816039,"MobSquad","MSQ"
"667",3325427,"Meet The MULIs",""
"668",2642725,"",""
"669",1964407,"Comanche","Comanche"
"670",2896883,"Flair Gaming Red","FG.R"
"671",2644737,"NextGen VietNam","NG"
"672",1835728,"Sand Blut","SB"
"673",2922410,"Team Ultranoobs","UN"
"674",2794581,"efobel.arnold","Efobel"
"675",2811649,"Viking.dota2","Viking"
"676",2913570,"",""
"677",2561072,"BAD BOYS*****","Bdboy"
"678",3334209,"Team Ukraine","Ukraine"
"679",2101368,"LaDottA's Stacks","LaD"
"680",2608310,"Anima Unity Oneck","Oneck"
"681",3621236,"Angels","Angels"
"682",3404847,"Storm","STorm"
"683",1272244,"EHOME.X","EHOME.X"
"684",1218167,"GameTV.","GTV"
"685",2714312,"Aggressive 5","A5"
"686",3326679,"Zero Hoots Given","ZHG"
"687",1698450,"Podkoni a zak","PaZ"
"688",3515204,"not this fking team","Templar"
"689",725373,"LeGioN Gaming VE","LeGioN"
"690",2835286,"MinerosTeam","Jobranal"
"691",2068844,"UNKLE","UNKLE"
"692",2292362,"Gods party","GP"
"693",55,"_PowerRangers","PR"
"694",1958953,"BRUDDAHS","BRUDDAHS"
"695",3354505,"TEAM JESUS.","TJS"
"696",3333191,"Joke  Team Gaming Esports","Jokes"
"697",2596939,"Purplesugar","Ps"
"698",869833,"zajituan!","[ZjTuan]"
"699",1180308,"Shared Tango Gaming","stG"
"700",2448833,"s41n7k1ll3rs","SK"
"701",687124,"Fever Dota","Fever"
"702",2547352,"MOBILE GIRL","MG"
"703",2733043,"Victory Seekers","VS"
"704",2795324,"Dangerzone v420","dZ"
"705",2715571,"HARDCORE Ninjas!","HCN"
"706",1501905,"Arts.cn","Arts.cn"
"707",2559369,"LosBackyardigans.","L.B"
"708",2467187,"Soul of Storm","SOS"
"709",1879087,"KOTH.Agility","Agility"
"710",972620,"Infs","Infused"
"711",2777181,"Quiet Revenant","qR"
"712",2098902,"Flair Gaming","FG"
"713",1529126,"SCARYFACEZZZZZZZ","SFZ"
"714",1980239,"yungburden","YB"
"715",2585648,"---uioyuiruy","TLC"
"716",1511017,"One2Three4Seven","12347"
"717",3411521,"Perfect Gamer Team ","PG Team"
"718",748882,"UnderRateds`","uR"
"719",2932717,"BG Gaming","BG"
"720",3581011,"Strong Chin Choppa","SCC"
"721",2205890,"Masters Of Our Own Fate","MoooF"
"722",3704482,"Going in","Gi"
"723",3313166,"BILLING OBELIX","OBELIX"
"724",2559209,"@Phoenix","@Phoenix"
"725",2551098,"QQQDU","qdu"
"726",1413635,"BOOMRANG","BM"
"727",3746672,"BLepotan","WIBU"
"728",1738255,"ChangZhouLongChengClub","CZ.LCC"
"729",2411531,"Coliseo Dragons","CdR"
"730",2932795,"New Logic","Logic"
"731",1252040,"Team_eHug","EHUG"
"732",1708934,"Brand.New.QDD","BNS"
"733",1379966,"No Kaer","Nk"
"734",1449666,"Team Bulgaria","Bulgaria"
"735",2887109,"NoLimit","NoLimit"
"736",292220,"LaG.T.T","LaG.TT"
"737",2777582,"Serene.Chaos","Chaos."
"738",570361,"Omaley Gaming","OY"
"739",2779013,"Indostream","Indostream"
"740",2565337,"Tweet_DotA","TD!"
"741",1961656,"FLUX.DOTA2","FLUX"
"742",2329041,"NEW ERA","NWE"
"743",3350993,"S.Team",""
"744",3706823,"G4","G4"
"745",2633510,"DarkStyleGaming","DSG"
"746",2788415,"Team One !","To"
"747",2842316,"Team Warriorz","Warriorz"
"748",2728038,"Soggy Mitts","TSM"
"749",2048731,"Auroth","Auroth"
"750",3510968,"Team Nope","Nope"
"751",2533571,"Team Chitoge -__-","Chitoge"
"752",992400,"Team Underminer","UDMN"
"753",3356941,"Low Priority",""
"754",1341605,"The Legend Of Autism","TLOA"
"755",2348036,"Venko Fitore GG","vF"
"756",3746184,"Admiral fury","Afr"
"757",2637817,"CYBERLORDS","CbL"
"758",60821,"Autocrat Gaming","AG"
"759",3930268,"THis is ANfield","TIA"
"760",2192449,"Mythical Dreams","M.D."
"761",1199060,"Operation Kino eSports","OpK"
"762",2740064,"Immortal Red Wargame","Immortal"
"763",2888534,"No Sound Gaming","NSd#"
"764",2901306,"Manipal DOTO youTH",""
"765",2676492,"Virus Nirvana","VirusN"
"766",3930196,"iLLuSioNisT","iLL"
"767",2837949,"Adversity Rebirth","AR"
"768",257124,"madjicK Gaming","madjicK"
"769",1387750,"CNB HyperX","CNB"
"770",2897551,"theprime cinderpinaa","TP.Cind"
"771",1321909,"Isurus Gaming HyperX","Isurus"
"772",2055081,"LaoChiHan","LCH"
"773",2849265,"ZERO'ONE","ZeroOne"
"774",976883,"ExeCuTion.IND",".eXe"
"775",2905880,"Yeswecan!","YWC"
"776",680948,"znderlz y sus payasos","zysp"
"777",3891831,"Blue Whales","BW"
"778",947729,"Taste the Rainbow!!!","MLS"
"779",3415515,"VINCE TE IPSUM","vTi"
"780",380569,"Dark Colored Men","DCM"
"781",2702794,"Team Squeezer","Squeezer"
"782",2845796,"Verdant Gaming","VerdantG"
"783",1737491,"Total-Annihilation","~T.A~"
"784",3759540,"Team Bogazici","TB"
"785",2913565,"MVP AEGIS","MVP"
"786",3574266,"Team Scarlet Sexy",""
"787",3688751,"SKYLAND PIRATE","SKY"
"788",3150099,"Destiny Gaming","Destiny"
"789",2284604,"Lampo Syndrome","LS"
"790",2583137,"EXIA GAMING","EXG"
"791",2803901,"Fantastic Gaming Dota Team","FG"
"792",1790418,"Pride Of Dreamer","POD"
"793",995707,"TongFu.WanZhou","TongFuWZ"
"794",2250864,"Mushin Perunamuussi","NOKIA"
"795",3852021,"Team Predator's","Predator"
"796",3322300,"s1 Lykos","s1 Lykos"
"797",3264479,"aboshamaleh","AS"
"798",1182003,"Tricked e-Sports","tRICKED"
"799",2789725,"Marinet Gaming","MG"
"800",2644250,"THE KILLERS BROTHERHOOD","[Bro]"
"801",3329900,"Ancient Mr Beans",""
"802",2486519,"GUS-GAMING.COM","GUS"
"803",1748273,"ThePRIME Justice","TP.J"
"804",3318905,"Conqueror","Conqueror"
"805",3330817,"BAITED","B8"
"806",2903343,"MoonLight Soldier","MooN"
"807",2557414,"Force Ukraine",""
"808",2633773,"STEAK GAMING","STEAK"
"809",1808834,"KadalySaver","KS"
"810",3325891,"90's Gaming","90s"
"811",1871453,"MADESU","MADESU"
"812",2248605,"Newbee.miracle","Newbee.M"
"813",2486047,"VEGAS-SEKRIT MIX","V-SEK.MIX"
"814",2101260,"BigGooooood","BG"
"815",2687313,"Skyville!","Skyville "
"816",1905619,"Wheel Whreck While Whistling","Wheel"
"817",1108924,"Meet Your Makers INT","MYM"
"818",1505134,"Team Super Optimistic","TSO"
"819",2816816,"LGD-GAMING","LGD"
"820",3707335,"AW",""
"821",2840439,"DigitaIChaos","DC"
"822",2888800,"siliguri","siliguri"
"823",2916875,"Limited Edition",""
"824",2785646,"MAX.X","MAX.X"
"825",2842641,"team XXVIII","XXVIII"
"826",1200125,"Rise to Glory [Phoenix] Division","rtG.FNX"
"827",2450984,"Landsholdet","Denmark"
"828",3749933,"Name in Progress","NIP"
"829",1808224,"DishuiZuibadui","DS"
"830",2573968,"TheRechuchanBoyss","TRB"
"831",2873780,"",""
"832",173694,"Tonight","T9"
"833",3767771,"ReincarnateVengeance","Rein"
"834",2849610,"THODAPPAKKATTAI WARRIORS","MORAM"
"835",2896816,"NOXIOUS GAMING","NOX"
"836",1783768,"Sciency Stuff","SENS"
"837",2126942,"Team KAZAMA","KZM"
"838",3266312,"Evil Corporation","EC"
"839",2799715,"Aggron Stonebreaker","Aggron"
"840",1410054,"THE NEUTRONS","NEUTRONS"
"841",2547908,"Reset E-Sports","RS"
"842",3546350,"VC-Gaming","VC"
"843",3355251,"Meet The MULIs",""
"844",2722619,"Report MLES ""ESTAFA""",""
"845",3884270,"XGATE.5inZiken","XG.5inZ"
"846",2076022,"Black Knights 17","BK"
"847",818732,"Paa","Paa"
"848",3262331,"Team EVOS","EVOS"
"849",2830956,"GeForcE TroN","gt/b6"
"850",2288591,"-Unlimited Gaming-","nLG"
"851",2191229,"Extreme Gaming Philippines.","ExG"
"852",2098516,"TEAMM!","TM"
"853",496774,"RaTtLeSnAkE. CN GaMiNg","RSnakeCN"
"854",2536185,"LOS CHICOS BKB","LCB"
"855",2970537,"Sky Ladies","Ladies"
"856",2570995,"Sin Sponsors","SS"
"857",1561221,"Tables Turned","TT"
"858",1939134,"Res Non Verba","RNV"
"859",98301,"Power Gaming","pwr"
"860",2667518,"Team Decibel","TD"
"861",1028299,"Dragon Sx","DX"
"862",2736407,"Female Body Inspectors","F.B.I"
"863",3313312,"BILLING OBELIX","OB"
"864",2661264,"Indian_Knights","--INK--"
"865",2777247,"Vici_Gaming Reborn","VG.R"
"866",3290455,"SAVERSKY FIRST","SVR"
"867",3353368,"FANTASTIC5",""
"868",1520578,"CDEC Gaming","CDEC"
"869",2812226,"Anima.Al","Anima.Al"
"870",2083204,"5 Creeps","5Cr"
"871",1216337,"Front Pembela Icomon","FPI"
"872",568941,"N.x^","N.x^"
"873",2919938,"Team Arcsaber","Arcsaber"
"874",3736433,"cyclops","cyclops"
"875",2915789,"Team Panda","TP"
"876",2578835,"TENDJAK","T.N.J.K"
"877",2037418,"Tr14l & 3rr0r","TE"
"878",607108,"uebelst-_-gamynG","uebelst"
"879",497529,"Invasion MUFC","iNv.MUFC"
"880",995682,"SuperStrongDinosaurs","SSD"
"881",2706472,"Anima.AG","AG"
"882",1904975,"123514561985","12132132"
"883",1476559,"Ositos Polares","OS.Psco"
"884",2007518,"We Cannot Dota","WCD"
"885",2789230,"alpha meow","AM"
"886",2142166,"Mirror and all his","gakki"
"887",1929639,"Art Gaming Indonesia","AGI"
"888",3784236,"SPARTAN TEAM E-SPORT","Spartan"
"889",2730514,"Black Jack","BJ"
"890",3692512,"Waifu 4 Laifu","W4L"
"891",2352422,"x3m Dota 2","x3m"
"892",2237020,"Fast Union","FU"
"893",2213967,"DevilsInTheDark","DitD"
"894",2586189,"-IdiotGeneration-","iGen"
"895",3266276,"Too EzZ","!TE!."
"896",1367764,"Happy boys in the world","happyboy"
"897",3547888,"SuperNova","SPNV.PG"
"898",2932344,"Team IO","TIO"
"899",2913409,"silent killers","sK"
"900",1503165,"SlipKnot team.rubias19","slpk"
"901",3714164,"OverPower","Team OP"
"902",2303146,"7HiLLS","7HiLLS"
"903",2840185,"Carraway Was Right","CWR"
"904",2754835,"Revival E-sports MKSR","Rvl.M"
"905",3265016,"Dark Revenge","Dark"
"906",3262665,"Cryptex","Cryptex"
"907",2850779,"BEAVEERS","Bv"
"908",2534405,"Newteam123123","nt123"
"909",1679554,"Imba Gaming Vietnam","IMBA"
"910",917348,"Wired Gamingg","WG"
"911",813776,"AncientWarriorsGaming","GoL"
"912",2879968,"KNIGHTS OF ILLUMINATION","KoI"
"913",2118226,"No Practice Gaming","nPG"
"914",2040144,"Primal Team","Primal"
"915",2832601,"Move On From Your X","[X]"
"916",1618462,"Shore Gaming ","SG-"
"917",2898100,"<U+0445><U+0443><U+0434><U+0448><U+0438><U+0435> <U+0434><U+0435><U+0432><U+043E><U+0447><U+043A><U+0438> :-?","xd"
"918",3727033,"Sinful Samurai","S.Samurai"
"919",1260464,"MouseOne!","MO"
"920",2885730,"Team Spark","TS"
"921",2734828,"Team Noprice","noprice"
"922",3381602,"Walrus Punch","WP"
"923",1822164,"sun ofbeach","SOB"
"924",1712466,"Sakura Club","Sakura"
"925",2088456,"5 Pencils 1 Case Gaming","5P1C"
"926",3816439,"Naughty On Old Boys (NOOB)","NOOB"
"927",3623934,"See You Again","sYa"
"928",1184698,"Decerto.Ozone.","Decerto"
"929",987035,"-Artificial Intelligence-","AITE"
"930",2086529,"Que Pasa No?","OREALY"
"931",2925512,"NOOBTARDS","NBT"
"932",67,"paiN Gaming","paiN"
"933",39700,"Low Skill Dickheads","LSD"
"934",1194118,"Relax, you are doing fine.","Relax"
"935",2650787,"FINGER","|FR|"
"936",2547076,"Legends_Five","L3G"
"937",2460581,"Better Next Time","BNT"
"938",3413162,"Chicken Rice 1","CR1"
"939",934980,"PRO CAPTAIN EASY GAME","PCEG"
"940",2820888,"Pv1TEAM.","Pv1"
"941",2807741,"TEAM NAKAL","NaKaL"
"942",1089763,"NeverGaming","NEVER"
"943",2752010,"Aero Esports","Aero"
"944",645123,"Kingdom Fire","KF"
"945",2592702,"Team LicentiA","LicentiA"
"946",3215121,"Cyber Gaming","CG"
"947",3719038,"Bobo Gaming","BoboGaming"
"948",3737493,"Asura Gaming","AG"
"949",1980483,"The Summit Wing","TSW"
"950",2711900,"REBEL GENERATION","RG"
"951",953172,"PO5EiDON","PSN"
"952",2058483,"Shark G@ming","SG"
"953",3550868,"Sleeping Forest","<U+7720><U+308A><U+306E><U+68EE>"
"954",2839755,"On The Spectrum",""
"955",620075,"B2W","B2W"
"956",2701329,"Team Freedom Dota 2","Freedom"
"957",3718685,"MVP.Revolution","MVP.R"
"958",1991223,"","WP.GEO"
"959",2570843,"Clan Oropeza","C.o <3"
"960",2764871,"CNB e-Sports","CNB"
"961",1330871,"Toad Gaming Esport","TG.Esport"
"962",1846548,"HellRaisers`","HR"
"963",2455306,"Bromance Dota","BRO"
"964",2901438,"German Five","G-Unit"
"965",928096,"LvYexIanZong","83995300"
"966",2971555,"",""
"967",2454714,"RASCAL KNIGHTS","PHK"
"968",1958591,"Kalmykia e-Sports","keSports"
"969",2794800,"WOLFPACK","WOLF"
"970",3625918,"Dicky+4","D+4"
"971",1725957,"TeamstayGreen","sG"
"972",3729377,"Ninjas in Pyjamas","NiP"
"973",1884355,"Void Boys","VB"
"974",2329127,"The Bathtub Club","[BTC]"
"975",1087276,"The Thundercats!","TC"
"976",3730989,"MotoMoto","MM"
"977",2783830,"Red Machine Gaming","RMG"
"978",2429870,"TLC GAMING","TLC"
"979",2888612,"DotaVizardZ","DVZ"
"980",3237806,"FREEZEE","FRZ"
"981",827550,"Union Gaming","uG"
"982",90566,"WHADDAP BRUH BRUH WHADDAP CUH CU","GORILLA"
"983",3317243,"Maravillas","Maravillas"
"984",1908636,"No_Name_Kids","NNK"
"985",3326101,"Too EzZ","!TE!."
"986",3324849,"Camp Monkey","CM44"
"987",2767521,"BigDongers","BD"
"988",2006291,"Lajons",""
"989",2148321,"5eva.","5eva"
"990",3726983,"NEIGHBORHOOD TALENT","HOOD"
"991",1947435,"TEAM SLC","slC"
"992",3740222,"3DIGITMMRSTACK","3DMS"
"993",2715326,"QB.Panduk","Panduk"
"994",3325630,"Unknown Force","UF"
"995",2111961,"ForXtreme","FX"
"996",1803996,"NAM VEZET-MI IGRAEM","NVMI"
"997",1557544,"Kawaii Desu NEE","kawaii"
"998",3444899,"Metamorph Gaming","MG"
"999",2016169,"Black Clown","BC"
"1000",2680502,"HWA Gaming","HWA"
"1001",3261000,"FURY REDz Esport","FURY"
"1002",2186377,"Team sQuO","sQuO"
"1003",2825696,"Team aeGi$","aeGis"
"1004",699943,"Kuroko no doto","KND"
"1005",2827285,"Oh Well.","OW"
"1006",135040,"VinkelTruppen","VT"
"1007",2128595,"Imba.ph","Imba.ph-"
"1008",2538753,"Fantastic Five","F5"
"1009",1114036,"K1ck eSports","K1ck"
"1010",2700789,"ALIEN ESPORT","Alien"
"1011",1701544,"Friendship, Dedication, Love2","FDL2"
"1012",827889,"Perfect To Dream","PTD"
"1013",1843166,"Team Slimy Mollusks","Mollusks"
"1014",2874304,"LINAJE GAMING E-SPORT","LINAJE"
"1015",3847430,"Team 425","FTF"
"1016",1303491,"-Team Nemesis-","Nemesis"
"1017",3738495,"Kemal anjing lama","goblog"
"1018",1909442,"Poker|fAce","Pf"
"1019",3622520,"SAMORGI IS MISSING","SIM"
"1020",2813614,"Zenith. MN","zenith"
"1021",2493631,"Loyality","Loyality"
"1022",3318260,"Five Idiots Gaming","FIG"
"1023",1946893,"nobilii","nobilii"
"1024",2788413,"",""
"1025",3589568,"No Fancy","NF"
"1026",2831964,"_Team Toast_","_TT_"
"1027",2142943,"Lacresha","Lacresha"
"1028",2022952,"choppie","choppie"
"1029",2849457,"TFC Esports","TFC"
"1030",117466,"Abnormal Players","AP"
"1031",2522066,"Team Ravens","Ravens"
"1032",2852022,"Noobswith_Attitude","NWA"
"1033",2922845,"Heights of Innocence","Innocent"
"1034",2890328,"sembarang","sembarang"
"1035",3322382,"Mysterious Dynasty","MD"
"1036",2968878,"Fire Gaming","Fire^"
"1037",2713678,"Disaster in DotA2","DD2"
"1038",1859971,"4 Bunnies 1 Turtle.","4BT"
"1039",2675189,"TheMovement","Move"
"1040",1142926,"Team Li Hua","L.H."
"1041",609486,"zerO-Limits`","zL`"
"1042",2803739,"Command Centre. X",".Cc.X"
"1043",4,"EHOME","EHOME"
"1044",373662,"The sundelinboi killerz","TSK"
"1045",2137921,"Know Your Enemy!","KYE"
"1046",2838805,"STARK.young","STARK.Y"
"1047",2691020,"Twitter Fingers","TF"
"1048",3,"compLexity Gaming","coL"
"1049",3445892,"VEGAS-SEKRIT","V-SEK"
"1050",2726006,"Space Creating","SPACE"
"1051",2762745,"BrooDMotherS","BM"
"1052",2766661,"Xenim","Xenim"
"1053",2419591,"Clay Reborn","CR"
"1054",584193,"FataL [F]ormation","fataL[F]"
"1055",2282360,"Team October.","October"
"1056",2562047,"Esphere.Online","Esphere"
"1057",2014267,"GNZ","GNZ"
"1058",2759797,"Death Knox","DKO"
"1059",1937291,"Almost Is Never Enough","AINE"
"1060",3476158,"SE PRENDIO ESTA MIERDA","SPEM"
"1061",3890173,"LoG Horizon","LH"
"1062",2818688,"Rane Jogs and Takes Selfies","Rane Jogs"
"1063",2789129,"Bheart.Zombie","Bheart.z"
"1064",1857050,"Slapnut Magoo's","SlapM"
"1065",3341892,"TRIGGERED","TR"
"1066",3357303,"",""
"1067",2362377,"D.N.A GamerZ","D.N.A GZ"
"1068",3350540,"Peasant Gaming","PSG"
"1069",1369401,"TongSing Dota 2","TS"
"1070",2265038,"Ape Zone 2.0","Ape"
"1071",358544,"Embrace The Chaos","ETC"
"1072",1494951,"MaxFloPlaY","MaxFlo"
"1073",2552670,"Prodota GaminG","PD"
"1074",2929788,"OverPower Gaming","[OP].G"
"1075",1909341,"Team Teletubbie","T.T"
"1076",2751377,"Jil Jung Juk","[ JJJ ]"
"1077",2925790,"Pixel Elite","Pixel"
"1078",1772504,"TSB+4","TSB+4"
"1079",1075534,"Orange Esports Dota","Orange"
"1080",1165009,"limit leap","LL"
"1081",2633856,"Elvo","Elvo"
"1082",22906,"WOND5.","W5"
"1083",3016098,"Agg tmr 1","AT1"
"1084",2293253,"Sejarah 10","SJ1"
"1085",2925930,"Got5?","G5?"
"1086",2918615,"For Fun","FF"
"1087",3730002,"Infamous.NA","Infamous"
"1088",2783913,"Escape Gaming","ESC"
"1089",3154882,"do you even DOTA","Dudez"
"1090",1576946,"AloneAloneAlone","Alone"
"1091",3730438,"King  Capo","KC"
"1092",1171026,"Electra Cyber Sport","Electra"
"1093",1314487,"Click N Search","CNS"
"1094",2568168,"Black Demons VIP","Demon's"
"1095",3756449,"efobel","efobel"
"1096",2919890,"KK Gamers","KK "
"1097",3480835,"Dream Team",""
"1098",1366506,"Black Sheep!","bs"
"1099",1705097,"Argentinian Rejects","AR"
"1100",3327688,"Team Hala","Hala"
"1101",16,"MSI-evoGT The-net.com","MSIevoGT"
"1102",1703210,"New Equality","[New]"
"1103",2247356,"DarkLightning","DL"
"1104",2395976,"Made in NIS","MIN"
"1105",2440854,"INDEFATIGABLEZz ESPORTS","]I["
"1106",293390,"Radical Online X-tremists","RoX.KIS"
"1107",1276785,"The Mongolz","Mongolz"
"1108",1457502,"Talent.cn","Talent"
"1109",1829282,"Denial Esports|","Denial"
"1110",2267727,"Glory Of Sperm","GOS"
"1111",32150,"Gseven","Gse7en"
"1112",2685608,"ToPower Gaming","TP"
"1113",2662515,"Xenom Saga","XS"
"1114",1026613,"Petukh Team","PETUKH"
"1115",2642461,"Sport Gaming LCA","LCA"
"1116",2930561,"AVIUS","AVIUS"
"1117",2047484,"HardCore","Hc"
"1118",3749940,"Los emos y la conchasumare","Lec"
"1119",3327180,"Never Thought","NT"
"1120",558159,"Annie","Annie"
"1121",713699,"Celestial Onslaught","CEON"
"1122",3763625,"Double Dimension","DD"
"1123",658382,"WhiteFlagBear","WFB"
"1124",3333361,"the wild witch doctors","wwd"
"1125",2845124,"Sundaysss","Sunday"
"1126",2231078,"Crucial Team","Crucial"
"1127",726228,"Vici Gaming","VG"
"1128",2828325,"myRisk e. V.","myRisk"
"1129",1869450,"For-Soul","F.Soul"
"1130",482175,"Super Papagaj","PAPAGAJ"
"1131",1937628,"Boreal eSports","Boreal"
"1132",2883718,"DreamScape","DreamScape"
"1133",1308992,"Obscured By Clouds","OBS"
"1134",1648005,"Inter Active Philippines","IAP"
"1135",1730443,"BABE SQUAD","BS"
"1136",2636350,"Team Victoire","Vic"
"1137",3095098,"God of war","GoW"
"1138",2787566,"Axis Reborn","AR"
"1139",1898879,"| Team Alpha |","Alpha"
"1140",2545730,"Pandora xT","P-ES.xT"
"1141",2775251,"SFTe-sports","SFT"
"1142",3326927,"Divine Gaming","DG"
"1143",2539001,"Carrion Swarm Nepheline","CSN"
"1144",1921959,"Three Thousands Pride","3K PRIDE"
"1145",3415078,"Non Thinking Feed Squad","hmm"
"1146",2888097,"Kaze TEAM","Kaze"
"1147",2592576,"Team Bibu","BiBu"
"1148",2891903,"Devastated by Agony","D/A"
"1149",2057132,"XtremeDota`","xD`"
"1150",3212253,"Absolutely Gaspol","AG"
"1151",1932497,"i want to win!","1w2w"
"1152",2290010,".Black Knights","BK"
"1153",1556824,"Cela plus 4","Cela + 4"
"1154",1960848,"FireBee","FB"
"1155",1395362,"Virtually Challenged","vC"
"1156",2787759,"Shot eSports Club","SHOT"
"1157",1927365," s1.Lykos","s1 Lykos"
"1158",2929173,"VG",""
"1159",59,"Kaipi","KP"
"1160",3099734,"ROYAL GAMING","RG"
"1161",3536814,"Larva And Friends","#LARVA"
"1162",3471382,"8FINITY","8"
"1163",3724823,"blossom","blossom"
"1164",3476337,"EHOME.LUMINOUS","EHOME.L"
"1165",2672298,"Infamous (><U+FE4F><)","Infamous"
"1166",3587284,"VALOR ESPORTS","VALOR"
"1167",2873272,"SV_Cheats 1 ","SV_"
"1168",1936852,"BalkanBearsRo","BB.RO"
"1169",3848469,"Insane People",". Insane ."
"1170",2549611,"LINAJE GAMING [1]","Lg"
"1171",1633355,"New Star Com","NSC"
"1172",2873011,"Laughing Child","LCD"
"1173",1384095,"NoProblem.kr","NP"
"1174",3476282,"Juggernaut Gaming","JG"
"1175",2972493,"No More Heros","NMH"
"1176",1703527,"RIP THE DREAM","RTD"
"1177",2030313,"Aether Gaming-","AtG"
"1178",2189564,"BCS.PillowTalk","BCS.Ptalk"
"1179",2846632,"Uni5ive","U5"
"1180",3891406,"Xtremus Prime","XP"
"1181",1493301,"NERDZONE","NERD"
"1182",3739636,"THE LAST SPARTANS.","TLS"
"1183",1727267,"Frostic","SEA[G]"
"1184",1595874,"APETACO","APETACO"
"1185",3586106,"NFG Esports","NFG"
"1186",2679744,"Intelligence Quotient xD","IQ"
"1187",2635099,"cdec.y",""
"1188",1679057,"Keng And Our Friends","KAOF"
"1189",1237627,"W.R.E.","WRE"
"1190",3333461,"ONO Gamming","ONG"
"1191",3783058,"Your Ex Boyfriend",""
"1192",999689,"Titan","Titan"
"1193",2796882,"PHP","PHP"
"1194",3327766,"team faadu","FAADU"
"1195",429126,"Fnatic North America","FnaticNA"
"1196",1387916,"MagnetoGaming","Magneto"
"1197",2643401,"CDEC.Avengers","CDEC.A"
"1198",2931505,"TEAM DOGE","DOGE"
"1199",1839396,"Moscow Five RUS","M5"
"1200",2928666,"Alfa Gaming","AG"
"1201",3550644,"CZ",""
"1202",1319202,"High|Hopes","H|H"
"1203",758797,"MONKEY FREEDOM FIGHTERS","MFF"
"1204",1364927,"Dream - Gamin","DG"
"1205",3340589,"White Wolf",""
"1206",715818,"All 5tar TeaM","A5T"
"1207",2596399,"ThunBlom","TB"
"1208",1179213,"Metamorph.","Metamorph"
"1209",1642833,"micigaming","MG"
"1210",2923534,"NO POTM GAMING","NO POTM GA"
"1211",1087145,"Osliki Gaming","OsG"
"1212",1009838,"Medan Wolves","SPECTER"
"1213",2775977,"Ago-GAMING","Ago"
"1214",2470246,"Bac Gaming","BAC"
"1215",2913028,"Seven Lan Center ","SLC"
"1216",3619395,"Princes of Persia","PoP"
"1217",3152366,"Kite Gaming","Kite"
"1218",3155028,"dota 2 imba",""
"1219",1461893,"TEAM Let'sGo","Let'sGo"
"1220",1700407,"Clan 14","c14"
"1221",2902802,"Freaks","FK"
"1222",1789906,"#SWAGHANIM'S SCEPTER","SWAG"
"1223",1590983,"Click and Search","CAS"
"1224",3350653,"Veni Vidi Vici",""
"1225",2450271,"Beardman and Francine","BEARD"
"1226",2317192,"DiscotecaMakondos","DKM2"
"1227",2828433,"Monster","Mon"
"1228",2888546,"HiKaiXxX","HiKaiXxX"
"1229",1248512,"Kompas Gaming","WP"
"1230",2910546,"PASA LA PLATA","PLP"
"1231",2524597,"InfinityVN","Infinity"
"1232",2579961,"Farm And Throw","FAT"
"1233",1534289,"Guilty Crownn","G.Crownn"
"1234",1034366,"POTA2","POTA2"
"1235",41995,"Svaha","Svaha"
"1236",2355957,"DotAdictos","DA"
"1237",1446243,"Demented Justice","DJ"
"1238",3319964,"NASI CAMPUR88","NC88"
"1239",3323503,"Chainsmokers",""
"1240",3266307,"Union","Union"
"1241",3327985,"RaveDota","Rave"
"1242",3337797,"TEAM FAADU","TEAM FAADU"
"1243",2276247,"Mamas-Boys","MB"
"1244",2605031,"BLACK STEEL","[BS]"
"1245",3259967,"BnB","BnB"
"1246",2789395,"Orange.Taring","Taring"
"1247",1724864,"INVINCICIBLLE","INV"
"1248",2903559,"Troll gaming","AsTRa"
"1249",2591215,"Team k6R","k6R"
"1250",2590415,"LanCenterKokinet.","Kokinet"
"1251",3022558,"King Of Dota","K.o.D"
"1252",416900,"Orange.Neolution Esports","Orange"
"1253",1840773,"Shadows of the Past.","SP"
"1254",2860081,"team_ftd_a","FTD.a"
"1255",3625359,"DOTA DOEA","DTD"
"1256",2721427,"Blame It On Supports","BIOS"
"1257",2793529,"Under 1K","Under1K'"
"1258",2001734,"OneDream","OD"
"1259",2005411,"The Continent","TC"
"1260",2628839,"Team_.HaloXen","T_HX"
"1261",1555981,"BKB48","[BKB48]"
"1262",2828758,"WOLVES.GG","WE.GG"
"1263",3317233,"Dampaie Gaming","DG"
"1264",1983234,"Team Braveheart","Bheart"
"1265",2850449,"TheTrainTheTrone","TT--TT"
"1266",2759317,"Elements One","Elements"
"1267",3662845,"Riptide Dota 2","RiptidE`"
"1268",2904117,"WaiFu Team",""
"1269",2783733,"Sleepyng Beauty Reborn","SBR"
"1270",2912737,"Super Speed Panama","SSP"
"1271",2781959,"DEMOLITION.[X]","Dx."
"1272",2924498,"",""
"1273",3213075,"Max.X","MAX.X"
"1274",2293413,"Lemondogs.Dota2","LD"
"1275",3336725,"Rampage Gaming","RG"
"1276",3210464,"KISS GAMING","Kiss"
"1277",3354310,"CQDU.FeS","CQDU.FeS"
"1278",1272762,"Besito Avenger","B.A"
"1279",2897892,"Alpha Pro Gaming","AlphaPro"
"1280",2767412,"Vivo Fibra Keyd Stars","kStars"
"1281",3351387,"WOOF","WOOF"
"1282",3457201,"Team EnvyUS","EV"
"1283",3410388,"Nightmare Gaming","NG"
"1284",1721057,"Return Of Legend","Ro[f]L"
"1285",1633432,"Not Today !","NoT"
"1286",3213348,"Sentry","PM"
"1287",3847866,"Ha-rmape","Rj"
"1288",2882054,"Contract Killerz","CK"
"1289",1302405,"Vast Cast","VC"
"1290",3706211,"BoRe","BoRe"
"1291",2019384,"[Flip.Sid3 Tactics]","[F.3]"
"1292",3659536,"Clutch Gamers","CG"
"1293",12388,"The awesome RedTeam","Team Red"
"1294",3316534,"Scapegoat.esports","SGE"
"1295",3023818,"Team FuroX","FuroX"
"1296",3290820,"Mashmellow","GeS"
"1297",2683062,"Team Debarred","DBD"
"1298",2931260,"Injoker Boys","IB"
"1299",1977983,"RaoPing",""
"1300",543897,"Mineski.GGNetwork","Mski"
"1301",525403,"YANELOS AKMOLOS","YA"
"1302",3153135,"INFINITY GAMING","IG"
"1303",1995288,"Rote Konig","RK"
"1304",3326357,"Wreacks","WRC"
"1305",2666297,"BALROGS E-SPORT.US","Balrogs"
"1306",3760907,"Duckter Strange","DS"
"1307",2603640,"Zero Navigation"," zN`"
"1308",1251755,"March of Masick","Sick"
"1309",3214090,"HIPPOMANIACS","hm"
"1310",1449413,"COOKISS",""
"1311",2320414,"DK.Scuderia","DK.S"
"1312",1055544,"Hehe United","hehe"
"1313",2537636,"Elements Pro Gaming","EPG"
"1314",2018688,"H TYPE STEEL","HTS"
"1315",3658537,"LGDR","bekasi"
"1316",2890843,"G-Sixty Nine","G69"
"1317",1724816,"Eury.nomos","Eury"
"1318",2831312,"qwewqeqw",""
"1319",2887699,"Skatemasters","$katers"
"1320",1412659,"Mum I Need Tangoes!","Mint"
"1321",1748111,"Duza Gaming.","Duza"
"1322",2648840,"SPARTANUZ","sPS"
"1323",1730778,"Avernus.ir","Avernus"
"1324",485526,"Life.","Life"
"1325",2244697,"Team Archon","Archon"
"1326",3313149,"AnimalGamers","AG"
"1327",1286591,"Helvete Tot Morgen","HTM"
"1328",2700723,"[GLHF]","Team "
"1329",2548387,"Inverse reburn","Ivs"
"1330",2341834,"ABRAXAS.","ABX"
"1331",41001,"Neverflat empireZ","NZ"
"1332",1520064,"wearebug","WAB"
"1333",2005386,"FiveFreshFishes","FFF"
"1334",3688649,"eL Moke-","eL"
"1335",2290006,"TwistedFuzion","TFz"
"1336",3350919,"AliceSnow","Alice"
"1337",2047411,"BRUTALATOR","BRUTALATOR"
"1338",2824248,"Animus Vox Team","AVT"
"1339",3549974,"Power Of Iron Branch","PiB"
"1340",3264863,"WINGSHADOW","WSW"
"1341",2626685,"EHOME.KEEN","EHOME.K"
"1342",2217730,"Kingdom DotA~","Kingdom"
"1343",2888789,"KNS",""
"1344",3903609,"Timun Gaming","TG"
"1345",2812464,"Jukes On YouU","JoY"
"1346",2098192,"-ParadoxGaming","Paradox"
"1347",1298032,"Decoros Forma","Deform"
"1348",1150632,"Garuda Infinity","G[8]"
"1349",3331952,"Fver ComeBack","F-CB"
"1350",1318686,"NO! Earthspirit","BANearth"
"1351",1866518,"Electronic Avenger","EA"
"1352",2374212,"E-Sports Dream","ESD"
"1353",2414475,"We.are.young","Way"
"1354",3660104,"Team ShinJi","SJ"
"1355",2789717,"Polarity Dota 2","Polarity"
"1356",453325,"Crew!","Crew"
"1357",2073138,"Chu Chu Rocket","Chu Chu"
"1358",1059824,"Dream time.","DT"
"1359",2925060,"Quantum gamer$","QG"
"1360",3562785,"MOL","MOL"
"1361",3382336,"CulminationOfGlory","COG"
"1362",952220,"Team StarTale","Startale"
"1363",2724159,"_Oram Po_","OP"
"1364",457696,"Pro Gamers Afk","P.G.A"
"1365",3259709,"Overseer","OV"
"1366",1935849,"Men of Pauses","MoP"
"1367",3786114,"Embe n friends","ENF"
"1368",3127543,"INGAME","IG"
"1369",2870421,"Team Explosion","Exp"
"1370",2764226,"Invincible I","INVI"
"1371",1105664,"Rex Regum QEON","RR.QEON"
"1372",2920861,"2K Dogs",""
"1373",571134,"Zuckerberg and Friends","Zuckberg"
"1374",1678667,"BEER BINTANG","B&B"
"1375",1910569,"No-Cooldown","No-CD"
"1376",1560507,"yoU aRe Monster","U.R.M"
"1377",1289085,"BVD BLUE LMAO?","bvd"
"1378",3413552,"Valefor Gaming","Vfl"
"1379",1994238,"NatashaIshetParnya","NiP"
"1380",2034364,"n0GAMESENSE","NGS"
"1381",2400525,"XTROM","STX"
"1382",2485652,"Team Testerone","TT"
"1383",993779,"_Kitsune_","[KSE]"
"1384",3099469,"iNation Reborn","iNation.R"
"1385",2103577,".Thundercats.","."
"1386",1965600,"Soul","Soul"
"1387",3347214,"CLASSIC ","CLASSIC"
"1388",2833547,"ZooM","ZooM"
"1389",1744439,"BET BOYS","BB"
"1390",3154895,"REVENGE","Rv"
"1391",2452860,"eKeepo","Keepo"
"1392",3562732,"TKD.TongSENG","TONG"
"1393",2533075,"Cloud 9","C9"
"1394",2671602,"Total Mage Fucker","TMF"
"1395",3732786,"MEET YOUR MASTER","MYM"
"1396",2059672,"FireDota","Fire"
"1397",3588152,"Team Doctor","DOC"
"1398",2815436,"Synergy Cub.Reborn","S-Cub.R"
"1399",267385,"Tibunet E-Sport","Tibunet"
"1400",1370716,"God's Mercy","G M"
"1401",1496735,"Ready To Fight","R_T_F"
"1402",460316,"UrsaStroitHramm","USH"
"1403",3328958,"Black Lobsters","Black"
"1404",1732138,"xRG Gaming","xRG"
"1405",2535378,"Team FanTuan","FT"
"1406",3466947,"Mysquad","MYSQUAD"
"1407",1201616,"whut one piece","wHop"
"1408",1270365,"Repellian","RPL"
"1409",2822317,"To.be.or.not.to.be","T.0.T"
"1410",1563135,"RTK GAMING","RTK"
"1411",2829378,"Robert Is Trash","RIT"
"1412",2973432,"JEMBER SUPER GAMING","JSG"
"1413",2118259,"Morphing_Pro","Mo`Pro"
"1414",559789,"inphinity +4)","inphin+4"
"1415",2547053,"Eglite","Eglite"
"1416",1936980,"Spin To Win!","S2WIN"
"1417",2642304,"Team  Shark","TS"
"1418",3263712,"FRY.net","FRY.-"
"1419",2318015,"EhShasBi...","ESB"
"1420",1994971,"Norway.dota2","NORWAY"
"1421",1353274,"dignotoss","DNT|"
"1422",2892184,"TEAM Kana Kala Se","TEAM KKS"
"1423",1217261,"mousesportz","mouse"
"1424",2454089,"Gosugamers|","GG"
"1425",2828740,"We Are Young.Amazing","WAY.A"
"1426",2024718,"#section80.","#80"
"1427",2435340,"Absolute Control","ABC"
"1428",2224698,"O1d Boys","Old boys"
"1429",3715938,"Sanguine Sharks","SHARKS"
"1430",1835837,"Shadow_Knight","SK"
"1431",419398,"Last Resort^^","Last Re"
"1432",2967569,"Unknown Team","UNK"
"1433",2005373,"Project\DotA","Project"
"1434",2727654,"Envyus","EXL"
"1435",2098304,"SpeedFinger Gaming","SPG"
"1436",126274,"IL` VINCITORE","i`V"
"1437",1064684,"Team AbccccccbA","AbcbA"
"1438",3510168,"The Council","TC"
"1439",920301,"",""
"1440",1558694,"Aesculap Gaming Team","AGT"
"1441",2677589,"TRON.trz","TN"
"1442",1047281,"Speed Gaming International","SPG.int"
"1443",597252,"Druidz Esport","DRUIDZ"
"1444",2688562,"SandJonas","SJ"
"1445",1848465,"LaiGaming","LaiG"
"1446",1065394,"FlipSideTactics","F3.ru"
"1447",2541060,"Mental illness","MI"
"1448",1331121,"",""
"1449",3322406,"A4P","A4P"
"1450",2640824,"AD FINEM eSports","AF"
"1451",2000268,"TeamInferno","BS"
"1452",2931279,"Friendship","Friends"
"1453",2815482,"Team ~MSR~","~MSR~"
"1454",1218336,"Eternal","Eternal"
"1455",3322951,"LEVEL UP","lvlUP"
"1456",2527452,"LosGeo","LGe"
"1457",2621376,"Team AKAZI","AKZ"
"1458",1637253,"NIEZA ESPORT","NZ"
"1459",2905280,"Stupid Team","sT"
"1460",504962,"The overpowered","tOP"
"1461",2314139,"Trones.Gaming","TG"
"1462",2892145,"Will2Win","w2w"
"1463",2496757,"Le Sausage","Schnitze"
"1464",2823931,"Xp0ison","XPO"
"1465",2305490,"Team Secr3t young","TSY"
"1466",3316078,"Vlajnaya Mol'","VLAMO"
"1467",2668269,"ChewToy.Reborn","chew"
"1468",1589592,"Balkan Bears Corleone","BBC"
"1469",2800961,"TeaM Bhandup5","Th."
"1470",1477412,"Cat Doto ","CD"
"1471",3259767,"TAMPAN BERANI","ACEN"
"1472",2512130,"G O L D E N B O Y S","GB"
"1473",3690568,"Unknown Force","UF"
"1474",3378725,"MEME Team","MEME"
"1475",2386563,"KarmanGaming","KG"
"1476",2064100,".Deus","Deus"
"1477",795543,"Arcanys Gaming","Arcanys"
"1478",2201839,"MVP HOT6","MVP"
"1479",309574,"QPAD Red Pandas","QPAnDa"
"1480",2118451,"Babalar","BABA"
"1481",1272671,"scfe","scfe"
"1482",2619801,"Ability Gaming","Ability"
"1483",3511141,"Templar eSports","Templar"
"1484",2828440," ",""
"1485",2887177,"Dusa+4","Dusa+4"
"1486",3636997,"Good Gaming","GG"
"1487",2596336,"TEAM CANNABISS","CNB"
"1488",3705506,"KVLTERIZZER ","KvLt"
"1489",2099070,"Codex Gigas","CG"
"1490",1049537,"iDEAL Gigabyte","iDeal"
"1491",2804794,"MoGuL Empire","MoGuL"
"1492",1375816,"Born Incomplete","BORN"
"1493",1366458,"R a v e","Rave"
"1494",1333179,"Cloud9 G2A","C9 G2A"
"1495",1743746,"Heroes of Lumby","HoL"
"1496",1182889,"CheeToz","ChTz"
"1497",1375614,"Newbee","Newbee"
"1498",3323407,"REUNITED","Reunited"
"1499",2464846,"Quella.Y","Quella"
"1500",3728957,"Last Spartans Youth","LSY"
"1501",3688831,"Heaven Hell","He"
"1502",3447106,"ARCHER LADIES","ArL"
"1503",2588154,"Kangen Mantan","Mantan"
"1504",3689824,"FUN.Legion","FUN.Legion"
"1505",2899111,"Team MuGiWaRA","MuGiWaRAs"
"1506",1215507,"The Mad Scientists","M$"
"1507",1725918,"ViRu","ViRu"
"1508",2725711,"PODA BRUCE !","PB"
"1509",3265025,"2K.RASA.4K","2K"
"1510",2577846,"Fnatic","AUG"
"1511",2596552,"RoG.Lyons","RoG.Lyon"
"1512",1114733,"PRO PLAYERS EASY GAME","PPEG"
"1513",2856645,"Yokai","Yokai"
"1514",3330789,"Hades.Gaming","Hades.G"
"1515",2521210,"Extremist Dota 2","XTRMST"
"1516",20,"Newbee.Boss","Newbee.B"
"1517",2647702,"RageForOwnageGaming","~RFOG"
"1518",3319358,"Journey.Surabaya","Journey"
"1519",184636,"Osiris Gaming",""
"1520",2649830,"Aether","aether"
"1521",1834406,"CTW is back","CTW"
"1522",2524644,"",""
"1523",2204516,"Whos""Next","WhosNext"
"1524",1994846,"Team Finland","Fin"
"1525",2923667,"Sham3",""
"1526",2585032,"HappySoldier","HS"
"1527",726715,"CybernetAllianceSociety","CAS"
"1528",3412501,"Queen Of Pain Reborn","QoP-R"
"1529",2844153,"EZEUS Gaming","EZEUS "
"1530",2920571,"Flash Point","fP"
"1531",2767585,"gossip girls ;)","GIRLZ"
"1532",2845282,"YeLuZ","YLZ"
"1533",780202,"Maruchan","MC"
"1534",2930884,"GarudaMon","GMS"
"1535",2916271,"Cilukba",""
"1536",1805039,"BIRAK","BIRAK"
"1537",1375633,"FLAG TEST","ZL"
"1538",2757607,"Team Rising Starz","RS"
"1539",3741946,"VEGAS","VG"
"1540",2854119,"Chup re Otye...","cRo"
"1541",2288477,"Mars God","MG"
"1542",2099436,"Team Redemption`","Tr"
"1543",1907726,"Team {A}nonymous","{A}"
"1544",2649105,"cq.hpf","hpf"
"1545",2469330,"Dota Guide Indonesia - EZ","DGI"
"1546",2910143,"ComeBack","CBK"
"1547",3819861,"Biohazard","Bio"
"1548",2642671,"Recovery Position","RP"
"1549",2845819,"Bot Gaming - Five Bots","Bot"
"1550",798967,"Immortal Hunters","I.H"
"1551",1790099,"Pit Lord Meta","PLM"
"1552",2154489,"Yakuza!","yKz"
"1553",3722485,"B)ears","B)"
"1554",3339073,"Golden Horde Reborn","GHR"
"1555",2360829,"Quick Time","QT"
"1556",1809199,"Alpha-eSports","ALPHA"
"1557",2099268,"Standin 5","s5"
"1558",3623669,"The Last Spartans","TLS"
"1559",2830967,"EternityX Dota2","ENX"
"1560",1841128,"Gigabyte G-1","Gigabyte"
"1561",1481391,"Techno Tinkers","TT"
"1562",3323378,"Tangerine","Tangerine"
"1563",3781533,"Corgi in a Team","Ciat"
"1564",3032298,"Sugiono Trump","KNTL"
"1565",2297977,"Laskar Jangkrik","Jangkrik"
"1566",1038296,"Ya In Gang","YIG"
"1567",3262512,"ThePrime.NND","TP.NND"
"1568",2304055,"Dreams-to-Reality","DTR"
"1569",2791077,"",""
"1570",776423,"TRee NewbI","TNB"
"1571",2822149,"S1mple Guys","SG"
"1572",2938636,"TKD.Young","Young"
"1573",676499,"HOT HANDS HAND WARMERS","HOTHANDS"
"1574",2651866,"Seribu Sungai","Srs"
"1575",2822472,"Team OWNAGE.","OWNAGE."
"1576",260085,"U.5","U.5"
"1577",2849320,"So Far So Good Reborn","SFSOG-R"
"1578",3150095,"The Mercenaries","TM"
"1579",3516694,"s1 Lykos","s1 Lykos"
"1580",1312775,"CIS-Game","CIS"
"1581",3746695,"Romaria Boyz","RMB"
"1582",2718888,"Vadyan Sysoev+4","Sysa+4"
"1583",1736680,"Return Of The Empire","ROE"
"1584",11,"AEONSports","AEON"
"1585",1170473,"VolcaniaGaming","Volcania"
"1586",3743790,"Emim","Emim"
"1587",2246141,"Team Alternate Attax","ATN"
"1588",2934622,"Wolf Pack","WOLF"
"1589",1964517,"FanYYYC","YFCY"
"1590",2204559,"Pollywogs","PWGS"
"1591",3746486,"Arauj HARAS","HARAS"
"1592",350190,"Fnatic","Fnatic"
"1593",3335901,"",""
"1594",2006913,"Vega Squadron","Vega"
"1595",3691991,"Hard Question","HQ"
"1596",2927480,"Xtreme Furious Gaming ",""
"1597",2800043,"Team SeeD^","SeeD^"
"1598",2581752,"Make.Dream","mD"
"1599",2674713,"San German Rejects","SGr"
"1600",1971815,"Surekh Gaming!!!","sG"
"1601",3855496,"FRICTION E-Sport","FRCT"
"1602",2038409,"The One Pis!","TOP!"
"1603",2581425,"LoversGaben","LG"
"1604",2906481,"Avalon.Inspired","Avalon.I"
"1605",2538621,"FTD club a","FTD.A"
"1606",2721386,"DotaVizardZZ","DVZ~"
"1607",1025875,"Team Unite Dota2","Unite"
"1608",2049038,"BEEKDEEK","BD"
"1609",3617376,"MGS_PANDORA E-Sport","MGS.PND"
"1610",1869017,"Victorious- Secret","VS"
"1611",2100741,"START GAME LAN CENTER","START GAME"
"1612",2015362,"OIL COLOR","fishboat"
"1613",254140,"First Departure","FD"
"1614",1810136,"Bened + 5","b5+"
"1615",1943904,"Butter Fly ~","Fly"
"1616",2890350,"ShadowGamerz","SG"
"1617",3513578,"Critical Elyssium ","C.Elyssium"
"1618",1549365,"Naix Gondar","NG"
"1619",3265632,"PondokGaming","PG"
"1620",1556372,"FishLordHowe","FLH"
"1621",1680691,"LimiTlesS","LimiTlesS"
"1622",2842143,"HotShots","HS^-"
"1623",2860414,"","TRG"
"1624",3515,"euforia","eu4ia"
"1625",3286764,"We Are Not Team","W.A.N.T"
"1626",1773539,"Battle Zone-","Bz"
"1627",2674663,"Geass Team","Geass"
"1628",2917200,"Seven Gaming","G7"
"1629",39,"Evil Geniuses","EG"
"1630",3320817,"DilecomTeam","DilecomT"
"1631",2899313,"SMOKE TEAM","ST"
"1632",769603,"FINSTACK","FINSTACK"
"1633",1541070,"Valkyri3","Valkyri3"
"1634",2526876,"GaoGaoGaming","GGG"
"1635",1221481,"","Solo"
"1636",2646608,"E-HomeOP","E-HomeOP"
"1637",2814772,"GreatDeeck","GD"
"1638",1816451,"Gigabyte - DoA","DoA"
"1639",2548750,"BlameTV.Ozone","BO"
"1640",2724538,"CitraCLub","CC"
"1641",3737715,"Signature.Dota2","Signature"
"1642",3154844,"Tron.Net","TRON.Net"
"1643",3581614,"8000","8000"
"1644",3893698,"Team Hore","Team.Hore"
"1645",15,"LGD-GAMING","LGD"
"1646",1025734,"LUCCINI GAM1NG","Luccini"
"1647",1481943,"~Shadows of the Past~","SP"
"1648",3338817,"Moscow Gaming","[RU]"
"1649",3321481,"Team LINE","L!n3||"
"1650",1854651,"Grey crown","Gc"
"1651",1993193,"Game Stuff","GS"
"1652",2686160,"Time Limit Draft",""
"1653",422079,"Meenix eSports","Meenix"
"1654",2899426,"BOD","BOD."
"1655",1133086,"Lo']['eM","LoTem"
"1656",3792399,"Batara Gaming",""
"1657",2847125,"Numot FanGAYS","NFG"
"1658",1089897,"My Horse is Amazing!!!","HORSE228"
"1659",26,"mousesports","mouz"
"1660",2689801,"Nas Ne Dogonyat","NND"
"1661",3262148,"BANYUWANGI WOLVES","BW"
"1662",3334062,"NoLifer5.Reborn","NL5.R"
"1663",3210601,"NeMeSiS","Nsis"
"1664",2970447,"FXGaming","FX"
"1665",1965432,"IV-XX","IV-XX"
"1666",3019048,"Hans Singalong","HPG.S"
"1667",2659468,"Team Bazaar","Bazaar"
"1668",378160,"P3M4L4S","PMS"
"1669",3414627,"Hordelicious","Hdelicious"
"1670",2895170,"Flawless Legends","FL"
"1671",2413439,"Team SatuDuaTiga","123"
"1672",157818,"Sad_Gaming","SadG"
"1673",680763,"Koroks Girth","#STEVEN"
"1674",5838,"Dota Pop","Dpop"
"1675",21,"zNation","zNation"
"1676",1236083,"FelMysT","FelMysT"
"1677",708206,"DAGGER-GAMING","/)"
"1678",2850054,"Name IN PROGRESS","NIP"
"1679",2607363,"No Ban CK","NBCK"
"1680",2826226,"Hard to See ","HTS"
"1681",2848978,"Views 6","666"
"1682",3551323,"swallow your pride","syp"
"1683",1425274,"Weaboos United","WEABOO"
"1684",1857833,"KomandaMinus","K-"
"1685",705015,"Chunwuliao","CWL"
"1686",1277104,"Nvidia.ArrowGaming.AVF","Arrow"
"1687",1090320,"Alpha Team.","Alpha"
"1688",3760844,"Team Rocket","RCKT"
"1689",3516662,"Evil Geniuses","EG"
"1690",2923671,"KNIGHTS OF ILLUMINATION","KoI"
"1691",1303502,"SuperEbolacAncer","SEA"
"1692",2085541,"Team D-Company [REVOLUTION]","DC"
"1693",2627379,"Play Hard Player","PHP"
"1694",3156594,"aSessinns Gaming","aG"
"1695",5,"Invictus Gaming","iG"
"1696",2073473,"FOO.GAMING","FG"
"1697",2834942,"TeamTopKek","TeamKEK"
"1698",367492,"Revenge-","RvG"
"1699",2524482,"GEMBEL GAMING","GG"
"1700",3480045,"Jevuzca","Jvz"
"1701",2767311,"DagestanCyberPower","DCP"
"1702",2582608,"Vanguard Core","VCo"
"1703",486667,"Majestic e-Sports","Majestic"
"1704",2016525,"Inverse TW","Inverse"
"1705",1996833,"TuNiSiA","TuN"
"1706",3687833,"SKY","SKY"
"1707",2916729,"KZL","KZL"
"1708",3350307,"™.v3s","™.v3s"
"1709",142,"Team Dignitas","dignitas"
"1710",33885,"Ghosts`","Ghost"
"1711",2897409,"Troll2Win","T2W"
"1712",2757184,"Just_ForFun","JFF"
"1713",1297984,"Vhoul Assassins","Vhoul"
"1714",3100469,"Team kKs","kKs"
"1715",2913514,"Mosnter Gaming","MG"
"1716",323008,"WORLD STAR HIP HOP","WORLD*"
"1717",1883502,"Virtus.pro","VP"
"1718",3745160,"Absentia Belli","AbBel"
"1719",874932,"_Komanda_5","K5"
"1720",3621413,"TEAMFOUNTAIN","TF"
"1721",2184710,"Monib Baray","mB"
"1722",2897202,"NEPHILIMsss","Nephs"
"1723",1473227,"DonDs.The{D}Givers","DDTDG"
"1724",2921284,"FML","FML"
"1725",1824413,"1ManTeam","1mT"
"1726",3852443,"ANDTeam","ANDT"
"1727",960081,"ZERO RESPECT !","0RESPECT"
"1728",2621117,"Rush Gamehouse","Rush-GH"
"1729",3343420,"The Prime Shine","T P S"
"1730",2602265,"Seven Gaming","G7"
"1731",3477208,"Midas Club Elite","Midas"
"1732",3324533,"LEAF SHINOBI","LEAF SHIN"
"1733",2814991,"boomloomdoom","bld"
"1734",3561144,"Ban Sepur Ngunut","#BSN"
"1735",3444994,"THE BUDDY SQUAD",""
"1736",633833,"New Element","NE"
"1737",700779,"The House is Down.","THD"
"1738",1307991,"TEAM DEVIL","DEVILS"
"1739",2477859,"AJ","Aj"
"1740",2824034,"PolyKIngs","Pkings"
"1741",1848158,"LV-Gaming","Lv"
"1742",826237,"Team Aspera.","aSpera"
"1743",2562907,"TEAM.KAZAKHSTAN","RK"
"1744",3332745,"Sabun E-Sport Redbull","Sabun"
"1745",1798457,"DeaD men's","@Dm"
"1746",3625645,"Bunga Melati","BMG"
"1747",2011288,"""Team Umbrella""","Umbrella"
"1748",3625157,"Peas and Carrots","PaC"
"1749",1245961,"ZephyrDota","Zephyr"
"1750",2249195,"noname team.","noname.t"
"1751",2230029,"Beyond Godlike 5","B.G"
"1752",3686302,"TEAM TAI","TAI "
"1753",2585855,"Chinonet.com","C-net"
"1754",2396744,"AudioGanj","AG"
"1755",1309691,"GET OUTS","G.O"
"1756",2559655,"4Hate","4H"
"1757",3333433,"",""
"1758",1428234,"AVANT GARDE: OCE","Av.au"
"1759",2574856,"Brunella Gaming","BG"
"1760",2350559,"UNKNOWN #####","unknown"
"1761",3337906,"UC  REBORN","uC.!"
"1762",2473612,"Varro.ROGnet","VARRO"
"1763",3547682,"Team VGJ","VGJ"
"1764",3355431,"EvolutionGaming","EvolutionG"
"1765",2662139,"Mineski Malaysia","Mski MY"
"1766",2677110,"Wu Jie","Wu.J"
"1767",1942685,"Together We Did It","TWDi"
"1768",1342689,"Swin Squad","Swin S"
"1769",2856589,"Valkyrie eSports","Valkyrie"
"1770",2895345,"Infamus ","infamus"
"1771",1884658,"",""
"1772",2902534,"Panda Gaming","PANDA"
"1773",2632277,"Pichau Arena","Pichau"
"1774",3324612,"Chup Re Otye","CRO"
"1775",2718418,"Pro Wanna Be","PWB"
"1776",2924492,"StormRage","StormRage"
"1777",2521184,"Paz","Paz"
"1778",3745988,"BG Army","BG"
"1779",2879076,"Mind Body & Soul","MB & S"
"1780",1946225,"NewWinner","Nww"
"1781",3317586,"The Core Alphas","TCA"
"1782",3700503,"loda gaming ",""
"1783",3774904,"Team Inspire d","iT"
"1784",3264781,"Stay Calm And Rape","SCAR"
"1785",1672671,"SuZhou Professional KengBi","SPK"
"1786",3325252,"TEAM MAX","MAX"
"1787",3261352,"Team IITM","IITM"
"1788",3100406,"VirusGeneration","Virus"
"1789",992815,"MVP HOTSIX","MVP"
"1790",2293648,"EvilNine Esport","e9"
"1791",2429026,"MeowMeow<3","MeowMeow"
"1792",3325398,"",""
"1793",2847967,"-25MMR","-25MMR"
"1794",1760771,"Furious Gaming","FG"
"1795",2607096,"AHOJAHOJ2","AHOJ"
"1796",2906027,"InterVentus","IV"
"1797",3329893,"DTT GAMING","DTT"
"1798",2723475,"LEVEL21","Level21"
"1799",3096793,"BeFree","B3"
"1800",2469050,"Team Blackshift","Blackshift"
"1801",3321494,"Stray Dogs","SD."
"1802",1947079,"The.Wolf.pack","WP"
"1803",1664586,"chase_1st.","chase"
"1804",3384304,"Ex-Supernova","Spnv"
"1805",1515810,"Lux Legio","L2"
"1806",2697725,"sosateli HUEV","SH"
"1807",544957,"NO INVOKERS","NIV"
"1808",3687659,"Citra Gaming","CG"
"1809",3047449,"SAND KING","SD"
"1810",2970441,"Faith ","1233"
"1811",1967794,"Will dry you","WDY"
"1812",2660436,"Satria Pride","SPRIDE"
"1813",1283482,"Scythe.SG-","SCYTHE"
"1814",2702129,"PENTA Sports","PENTA"
"1815",2598034,"Kraken E-Sport","Kraken"
"1816",3747558,"NoTricks","NT"
"1817",3513460,"END","END"
"1818",2880264,"Bikini Bottom"," "
"1819",2701735,"Strength Plus Gaming","SPG"
"1820",2831543,"Ultimatum Gamers","UG"
"1821",2557977,"IndomieAU","Indomie"
"1822",2711460,"[G]-F0rce","[G]-F"
"1823",2243650,"EHOME.K","EHOME.K"
"1824",1589322,"Terror blade !!","TB"
"1825",1770259,"PogChamp","PogChamp"
"1826",867556,"EternaLEnVy's disciples","EED"
"1827",2822304,"Team Arcsaber","Arcsaber"
"1828",3689321,"Infamous.Black","Infamous.B"
"1829",2888615,"Xenim",""
"1830",3156681,"GRAVITY FALLS","G_F"
"1831",3724222,"Team Red","Red"
"1832",940183,"Lion Soul","LS"
"1833",2435283,"The Paradox Team","TPT"
"1834",2581813,"Execration","XctN"
"1835",3889821,"KC Rooster","KC"
"1836",2739170,"NA STARY KOLENA","OLD"
"1837",1592513,"The Brother Of Forever","TBOF"
"1838",2095771,"feralpina.DuniaGames","feralpina"
"1839",2413370,"Senpai brotherhood","Senpai"
"1840",2788336,"4Vikings+Dane","4vd"
"1841",111265,"LucidLunatics","LL"
"1842",2908251,"Mahameru   ",""
"1843",757788,"DoTT","DoTT"
"1844",2555665,"Archon Dota","Archon"
"1845",1540801,"FlFA","FIFA"
"1846",2863833,"Team Bankai","TB"
"1847",3478132,"Team Dotamaster & Disciples","TDD"
"1848",2840440,"Death Hammer","dH"
"1849",2827243,"Invisible Wings","iWings"
"1850",2283526,"[D]ark Rises","[D]ark"
"1851",2878192,"Swarm","SWARM"
"1852",2118290,"Team KoKo Gaming","KoKo"
"1853",2837183,"Dragon Slayerzzz","Dragneel"
"1854",2770071,"myR.IND","myR"
"1855",1477756,"ViolentGaming.","violent"
"1856",3356967,"Heisenberg","HS"
"1857",2921910,"Late Night Gamers","LNG"
"1858",2797460,"Killer Instinct X","KI"
"1859",2183340,"Springfield Esports","SPR"
"1860",3323460,"Nub Squad","N5"
"1861",2278738,"Nel Goons","GOONS"
"1862",2463300,"KokiNet.","Lord"
"1863",1232509,"Last Ominous","[L.O]"
"1864",1675006,"[Fake]","Fk"
"1865",2897653,"Hans Misery","HPG.M"
"1866",2633249,"Panda in love","Panda.i.L"
"1867",2920874,"GGWP Boiz ","GBIZ"
"1868",2685005,"TeamTiltTrain","8=D~"
"1869",2783891,"UtarMyCho1ce","UTAR"
"1870",2923316,"ScAndaLOus  AssAsins","SA|"
"1871",2374819,"V1xen eSports Club","V1xen"
"1872",484909,"Hyper Glory Team","HGT"
"1873",2310555,"DrinkingBoys","DKB"
"1874",2241965,"Killing Is My Business","KmB"
"1875",2897338,"XR","XR"
"1876",2522510,"'Syncronize-","'Sync"
"1877",1905635,"INTZ e-Sports","INTZ"
"1878",2268697,"dile.com","D.c"
"1879",3413002,"EmpireZ eSports","EmpireZ"
"1880",1970096,"Team Anon Fives","TAF"
"1881",2687650,"Monster Pc Gaming","MPG"
"1882",2890277,"Juke's On You","Juker-|"
"1883",3517281,"GEGE END","GGN"
"1884",3587592,"Team Hero13","H13"
"1885",2171858,"Tards'","[TD]"
"1886",2052902,"Extraordinary-Team","Ex-T"
"1887",3317685,"ALL COME HERE","AcH"
"1888",2921429,"wolfrick gaming ","WG"
"1889",1381402,"VulpesQu","VQ"
"1890",3511018,"HardCore X","Hc-X"
"1891",2578799,"Ovelon",""
"1892",3320606,"Vision Gaming Reborn","VGR"
"1893",3629981,"Athletico","Athletico"
"1894",2209062,"TrackMate.TRIC","TM8"
"1895",2569602,"FRANKSTERSs","PR."
"1896",1961734,"ROAL","ROAL"
"1897",2848018,"SyIvanas","SYLVANAS"
"1898",3702845,"80085 <3","80085"
"1899",3099617,"UjangGAMING","Pioneers"
"1900",2556678,"G0d Bless","GB"
"1901",3152876,"Virtual Reality","Virt"
"1902",512489,"..Game..Of..Throws..","GoT"
"1903",3627324,"FRATERNITY","Fraternity"
"1904",2760732,"",""
"1905",1464407,"Immunity Dota","iM"
"1906",2844080,"TEAM LOLICON","LOLI"
"1907",2612022,"THE OUTSTANDING","OST"
"1908",2526472,"$5JuNGz$","$5JuNGz$"
"1909",2117001,"Skyville <3","Skyville"
"1910",2890909,"Isurus Gaming HyperX","ISG"
"1911",1572743,"King of Pigeon","KoP"
"1912",1318509,"Tiken +4 virgins","Tiken+4"
"1913",1919394,"MyNepal Gaming","MyNG"
"1914",3331852,"Relic Gaming",""
"1915",2208432,"no broodmama","NBM"
"1916",3471400,"TEAM KENANGAN","KENANGAN"
"1917",2790329,"Team Optix","OpTx"
"1918",1144241,"No Respeta","NR"
"1919",250096,"ILONKA","ILONKA"
"1920",1953856,"F.uck Me","Fm_"
"1921",3657458,"Instagram","IG"
"1922",3334146,"SquadYOUNGLEX","SY"
"1923",1379666,"TheBlingEmpire","TBE"
"1924",3212911,"Orange Ninja","ON"
"1925",2580190,"Team Romania Nations Cup","RO"
"1926",2755844,"Major Creater","MC"
"1927",3262498,"Tokek Gaming","KGC"
"1928",1378814,"Ing-ing-inG","InG*3"
"1929",3332295,"Friends","Friends"
"1930",2159997,"Sacred Team","Sacred"
"1931",2914499,"MoonLight","ML"
"1932",3574277,"NaoH","NaoH"
"1933",3266239,"Feive eSports","Feive"
"1934",2925984,"",""
"1935",2765221,"Minions","BANana"
"1936",1972856,"NEKO.TEAM.","NE.T"
"1937",3212263,"KAPPA","KP"
"1938",1789281,"Oracle Reborn","Oracle"
"1939",2173259,"Wonder Stag e-Sports","WSE"
"1940",3354045,"Division 1 Cursed Eagle","D1cE"
"1941",2058524,"GodLike^^","GL^^"
"1942",1953038,"Ape Zone","Ape"
"1943",1962542,"oldbird","OB"
"1944",1441092,"Bu Lai Hou Hui","BLHH"
"1945",1730467,"DaiHentai!","DH"
"1946",1778989,"S.B,T","S .B"
"1947",3266024,"",""
"1948",407959,"CrossOverG.","COG"
"1949",753402,"Evil_Bomb","E-bomb"
"1950",2384037,"Agnee","AGN"
"1951",3655584,"Invisible Wings","IW"
"1952",188239,"Orange1","Orange1"
"1953",1434361,"Simple 5.","S5"
"1954",2805159,"KAPPA BOIZz","Kappa"
"1955",3886371,"UG","UG.BO"
"1956",3744849,"AngelaBaby","AngelaBaby"
"1957",2904162,"Team BlackNao","T-BN"
"1958",97215,"neXtPlease! Gaming","neXt!"
"1959",2717255,"FANTOMAS CLUB","fA-AS"
"1960",2564430,"FAFU.y","FAFU"
"1961",2722597,".Averia.","Averia"
"1962",2854942,"MAX.Y","MAX.Y"
"1963",2966341,"TeamForbidden","4Bidden"
"1964",2687319,"doturnira5minut","DT5"
"1965",2548953,"Jaguar Gaming","*JG*"
"1966",3334489,"Ne Rus<U+042C>","NR"
"1967",3756039,"Never Back Always Forward","NBAF"
"1968",2919736,"Mortality Gaming ","MG"
"1969",559227,"Almost Decent","AD"
"1970",3547650,"We Are Handsome","WAH"
"1971",2446959,"Team Nation","Nation"
"1972",2895840,"ROYAL GAMING","ROYAL"
"1973",2715234,"2KILLGAMING","2K"
"1974",3270973,"Grabbit","Cartoon"
"1975",3207070,"Coding Gaming","CG"
"1976",2849454,"WoW No Cure","WoW.NC"
"1977",1380025,"Plantronics Nv","Nv"
"1978",2308925,"J1NCHUUR1K1 Gam1ng","JG"
"1979",3720366,"WanteD","WanteD"
"1980",1817815,"Johnny's Revenge","JR"
"1981",2913446,"TEAM SPECTRE","SPECTRE"
"1982",1879611,"Gool luck","GL"
"1983",2011234,"Basically Unknown","Unknown"
"1984",3763318,"YoungMinds","YM"
"1985",2738555,"Beyond_Infinity","BI"
"1986",2761621,"ToxicGamers","TG"
"1987",515618,"Aprils fool's day","AFD"
"1988",2054580,"hangdianoldman","HDU.OM"
"1989",3322685,"Indian Dota","InDota"
"1990",3852203,"Friction","FRCT"
"1991",2802762,"Bulba.","Bulba."
"1992",2534759,"Lan/Savant","S/L"
"1993",2045703,"king of ball","KOB"
"1994",3353325,"ROAST","ROAST "
"1995",2926884,"Anime","anime"
"1996",2889535,"Team Solid","Solid"
"1997",2845174,"Kung FuP@ndas","LeL-"
"1998",2236401,"Haggu Chand Players","HcP"
"1999",1513561,"StarsBoba.Reborn","SB"
"2000",24,"Trust","Trust"
"2001",767207,"EMqwer","EM"
"2002",3261159,"Maximum Effort ","MxE"
"2003",2055032,"BURDEN SHOW",""
"2004",2761651,"REKT_Hajadla","RKT"
"2005",2338012,"KANISTRA IN ATTACK","STR"
"2006",3157536,"ABKOL","ABK"
"2007",971405,"ComeGetOwned","CGO"
"2008",3412044,"NOVA eSport","NOVA"
"2009",2824381,"Padat Berisi",""
"2010",1762814,"rizeGaming International","RIZE"
"2011",2130812,"Owl Sight","OS"
"2012",1667063,"nxl.GIGABYTE","TEAMnxl>"
"2013",3265212,"1K MMR SCRUBS","1K"
"2014",2293748,"Nepalese With Attitude","N.W.A"
"2015",3155824,"Hai","Hai"
"2016",3626479,"The Return","TR"
"2017",3354117,"Aggressive Gaming","AG"
"2018",1521558,"Team Erase","Erase"
"2019",2857323,"Koi Bhi AaO","Koi BhiAaO"
"2020",1333210,"PetioZnaeNaiDobre","Petakaaa"
"2021",267625,"Diaosi-SAGA","D-SAGA"
"2022",2921257,"InFiNitY GaMer'S","InFiNitY"
"2023",296530,"Dark Seiya Gaming","DsG"
"2024",672504,"Hurricane Festival","HF"
"2025",2568083,"Gallunggung KING CYBER",""
"2026",1268614,"Mysterious##","mystery"
"2027",1514479,"| CheQmate |","cQ"
"2028",2838766,"huanggang lkd","LKD"
"2029",1657506,"WE SCARE THEM","FFX"
"2030",2831142,"Pandawa.BolaNeT","Pandawa"
"2031",3478479,"BOBOGAMING","BOBOGAMING"
"2032",1440293,"Imperium Pro Team","Imperium"
"2033",478090,"Eat Bulaga Dabarkadz","BORYAS"
"2034",2901283,"Team Titan","Titan"
"2035",2622695,"LUCCINI GAMING..","Luccini"
"2036",2621843,"Team. Spirit","TSpirit"
"2037",2343061,"The Balkan Bears","BB"
"2038",2224197,"G Guard Esports","G Guard"
"2039",2883794,"Phoenyx","Phoenyx"
"2040",303008,"The-Net.Com Gaming","TnC"
"2041",2539098,"FTD Club b","FTD.B"
"2042",1302201,"Bravado Emotion","bvd"
"2043",2925965,"Dogshit Dynasty","dogshit"
"2044",1966890,"London Conspiracy Dota2","LC"
"2045",1217455,"T h e S C O U R G E","Scourge"
"2046",1537485,"Disconnect One","DC-ONE"
"2047",2117050,"FURIOUS GAMING","FG"
"2048",3324822,"shkolnuy avtobus","Sa"
"2049",2002380,"Exort GamingF","exort"
"2050",1226701,"Fa/Another","Fa"
"2051",2888228,"Shit Happens","Sh!~"
"2052",2826725,"Reborn Generation.","RebornG"
"2053",2828935,"Team Litedogs","LMDS"
"2054",2398725,"BanChen","Bc"
"2055",3156795,"Team Sabertooth","Sabertooth"
"2056",2263762,"FairPlay Gaming.TB","FP"
"2057",1325243,"Team Phoenix Rising","PHX"
"2058",2134429,"Out of our League.","OL"
"2059",3152402,"The 5Brother","T5B"
"2060",2831883,"Que La Famille","QLF"
"2061",3747568,"NoTricks",""
"2062",2371045,"White Nigga","WNI"
"2063",2673829,"CwGaming","CwG"
"2064",2859105,"Team DileCom","Dilecom"
"2065",2277843,"ICLEN","ICLEN"
"2066",3477268,"infamouze","infamouze"
"2067",3326126,"Team VG.J","VG.J"
"2068",2797646,"Chillon Lacteo","ChiL"
"2069",2858024,"Team Skyfire v2","Skyfire"
"2070",2676800,"AgentiGabena","AGENTI"
"2071",2882819,"BAMBOO BOYS","BB"
"2072",1738085,"B-minor Gaming Style","Bm"
"2073",2765912,"4ayka GG","4ka"
"2074",2520154,"Click E-Sport","Click"
"2075",2054686,"DeamDotaUP","DDUP"
"2076",2289950,"Balrogs e-Sport","Balrogs"
"2077",2769136,"",""
"2078",2235783,"Taco Life","TACO"
"2079",2569139,"iTwelve","iTwelve"
"2080",697585,"savetheworld_cn","Stw"
"2081",1083873,"Fiskestanga","stanga"
"2082",2541038,"PIRESPEIGOD","PPG"
"2083",370775,"Prestige World Wide","Prestige"
"2084",3707302,"Knight's of Ren","Ren"
"2085",2100450,"Awake.RV","Awake"
"2086",1392666,"SPD-GAMING","SPG.CN"
"2087",80,"Mineski HyperX","Mineski"
"2088",3574159,"SAD BOYS ",""
"2089",1951061,"Newbee.Young","Newbee.Y"
"2090",2471926,"Lancenter Mangomarca City","LmG|."
"2091",417628,"Joe Elite Team","J.E.T"
"2092",1401582,"Gents Gaming","GENTS"
"2093",1997451,"Team New Era.","Era"
"2094",2922244,"Eternal Creed","EC"
"2095",2127330,"xant!c","xantic"
"2096",1524279,"Fluffy^^^Bears","Bears"
"2097",1061269,"KINGAO + 4",""
"2098",2790766,"Effect","Effect"
"2099",1065790,"Team Vas'Avi","VA"
"2100",2148108,"Persson","P"
"2101",2255987,"Gloryous","Glory"
"2102",3410005,"One  For  All","OFA"
"2103",3746721,"Cyber Zone E-Sport","CZN"
"2104",1998556,"Wolf brother","WB"
"2105",3726949,"Team FDL","FDL"
"2106",1942710,"Nunchuck Spiders","NunS"
"2107",2639635,"Suicide Play","SP"
"2108",30,"mTw","mTw"
"2109",2300449,"Esto es Guerra OFICIAL","EEG"
"2110",3586479,"Union Power","POWER"
"2111",746253,"Tian Chao","TC"
"2112",570152,"Insidious Gaming Int","iSg.Int"
"2113",2746420,"UC REBORN","UC.RBN"
"2114",1736743,"Elysium!","Elysium"
"2115",2644896,"AGGRESSIVE CYBER GAMING ID","ACG ID"
"2116",2515241,"FalaGGa","FalaGGa"
"2117",2411267,"EejGang","EejGang"
"2118",3550332,"Lava Cheesecake",""
"2119",2677025,"",""
"2120",2892193,"Team Kingmakers","Kingmakers"
"2121",2487615,"S.W.A.G-BOYS!!","SwagB."
"2122",2751690,"Team Exthious","TE"
"2123",3851150,"NoLogic Gaming","NLG"
"2124",2386091,"BBC Barcode","BBC"
"2125",2683230,"Team Richarino","TR"
"2126",965163,"- Accelerate","- Act"
"2127",997150,"Skarmory","SKAR"
"2128",3154728,"Miss Click Gaming","McG"
"2129",1786024,"Phoenix .","Phoenix"
"2130",446935,"NetolicSA","NTL.SA"
"2131",3258149,"CAVALRY","CG"
"2132",2034857,"/blank\","blank"
"2133",1679543,"AffectioN!","AN!"
"2134",2420884,"ELITE PLAYERS","Elite"
"2135",3738230,"TUKANG PUKUL","Cosmic"
"2136",1544907,"No Perrito","Doggie"
"2137",2545047,"Blonde Hard",""
"2138",1529089,"littleBoys","BoysHN"
"2139",3481746,"Gakki",""
"2140",3265083,"Coeg Gaming","CG"
"2141",3515842,"Gold Generation","GG"
"2142",2447557,"EverNova","EN"
"2143",3331735,"Digital Company","DC"
"2144",2410998,"Bichitos NeW","B.NeW"
"2145",2166038,"REKT..","REKT"
"2146",1434155,"AfterGlow Elite","aE"
"2147",1083268,"[L]ittle.Revival","[L]ittle"
"2148",1339401,".MouseHunt Gaming.","MH"
"2149",376560,"Everlast by Gamefilling","Everlast"
"2150",3546686,"CASONA.NET COMPUTER E.I.R.L","CAsoNET."
"2151",1627315,"Regular Dangerous","RD"
"2152",94968,"",""
"2153",1519554,"Team Muhan","Muhan"
"2154",3414796,"Vultur","vultur."
"2155",2730057,"OOGWAY","oO"
"2156",1590664,"DreamDestroyers","DD"
"2157",2587871,".Big Red Machine.","BRM"
"2158",3271628,"RAGE","[R]"
"2159",2615239,"Jing's Boardgame Club","JING'S"
"2160",3337143,"INFINITY","INF"
"2161",1838315,"Team Secret","Secret"
"2162",3585978,"King in The North","Kitten"
"2163",3317512,"DUOBAO Young","DUOBAO.Y"
"2164",867049,"Gabe Pls","PLS"
"2165",3409295,"Anostig Evolution","AGV"
"2166",3412077,"Question Mark",""
"2167",3214118,"Cyber Gaming","CG"
"2168",2920011,"Too much Salt","TMS"
"2169",2038018,"Pacific eSports Dota 2","Pacific"
"2170",2928396,"Bac","BAC."
"2171",936089,"Project` DotA","Project"
"2172",2799801,"KanayaGaming","KG"
"2173",1146457,"KYT YAKOOZA","IdiotKyt"
"2174",2914678,"2K Overlords","2kLords"
"2175",3622247,"Team Legion","Legion"
"2176",973743,".Team Russia.",".Russia."
"2177",3503670,"PUXLYAWI","puxl"
"2178",2927909,"ALPHA","ALPHA"
"2179",2803452,"Dismay eSports","Dismay"
"2180",3705786,"Mad Kings","mK"
"2181",81012,"For Love.","FL"
"2182",1882693,"womenshiyu","wmsy"
"2183",2908389,"AoA Reborn","AoA-R"
"2184",2811841,"O2esports","o2"
"2185",1396252,"Team UNLSH","UNLSH"
"2186",3574278,"SoftMaster","SM"
"2187",1393633,"Natum Spes.","nS"
"2188",2699723,"NoLifer5","NL5"
"2189",3148819,"Eternal Sobers",""
"2190",2661871,"LeeMoo","Lemon$"
"2191",3349719,"Old Generation Dota","[OGD}"
"2192",2850016,"Sanguine Sharks","SHARKS"
"2193",3728003,"LQ","LQ"
"2194",1896486,"noooooooooooobs","nooobsss"
"2195",2919564,"numot fanboy",""
"2196",1151196,"Wu Chuan Army","WCA"
"2197",1287558,"+2","+2"
"2198",2899573,"Furious Gaming !","FG"
"2199",2269474,"Team Noise","Noise"
"2200",2211803,"eGamersX","eGX"
"2201",2822398,"Kiddo Gaming","KDG"
"2202",1368952,"Rex Thanatos..","RT"
"2203",2436709,"""RepublicOfGamers""","RoG"
"2204",1240291,"Hohai U","HHU"
"2205",2118786,"Rebounders","ReB"
"2206",2588343,"Roar ","Roar"
"2207",1148284,"MVP Phoenix","MVP"
"2208",2888838,"INSANE GAMERS","INSANE "
"2209",3333546,"NeoV","NeoV"
"2210",2541923,"JAYA FAN BOYS.","JFB"
"2211",2907696,"PakTani The Return","Petani"
"2212",2202692,"DarkyTeam","Darkyboy"
"2213",2917324,"TBD","TBD"
"2214",3728410,"FIRST CLASS","FCS"
"2215",688276,"MSI-EvoGT.TRIC","MSI TRIC"
"2216",1605558,"Team Panglima","Pang5"
"2217",3580606,"SG e-sports","SG"
"2218",2002195,"Feed Gaming*","FG"
"2219",1837865,"Mad Player Squad","MPS"
"2220",2880140,"Fire Dragoon","FDG"
"2221",1828060,"Feed The Waldos!!","FTw"
"2222",1792556,"Gerg Squad","Gerg"
"2223",2308687,"THE CHIQUILITOS","CHICKS"
"2224",2734681,"THE GREEN EMPIRE","TGE"
"2225",2909240,"Rock","Rock"
"2226",3156116,"Cetan Ceyem",""
"2227",2413318,"E-lab","E-lab"
"2228",2922297,"TROLL GAMING","IITGII"
"2229",1842223,"Joker.Gaming`","J.Gaming"
"2230",2586976,"OG Dota2","OG"
"2231",2805484,"Team CypheR .","CypheRR"
"2232",558666,"ZiBiDotoBestDoto","ZBStack"
"2233",1418138,"Execration-2","XctN2"
"2234",3442385,"Leafre","LF"
"2235",3584142,"Why Should I?","WSI"
"2236",2259991,"Value $65.07","V$65"
"2237",586830,"Rhythm Miraculous","RM"
"2238",3515607,"M.R Gaming","MRGaming"
"2239",3516840,"Terpacu Gaming","TG"
"2240",1910985,"TeamMalaysia","MY"
"2241",1360807,"Sirkuss","Sirkus"
"2242",3343641,"3 cheers 4 Divine Ascension","3c"
"2243",1531850,"North American Rejects","NAR"
"2244",2727374,"Pirojki s kartoshkoi","PSK"
"2245",1397723,"TH3 faLL3n","TF"
"2246",2666542,"SvZ Dota 2","SvZ"
"2247",2604408,"Ezthmus.Benclung","Ez"
"2248",3581862,"Seven.Lc","Seven"
"2249",68571,"I'm WangDaChui.",""
"2250",1430015,"*KANON*","kanon"
"2251",3325637,"",""
"2252",2610270,"Fox","FOX"
"2253",145025,"SplasH Gaming","SplasH"
"2254",9740,"Ti9 Champion","Ti9 Cham"
"2255",3688387,"PRODOTA GAMING","PD"
"2256",3264833,"The Team","TheTeam"
"2257",1317203,"Central of Fear","CoF"
"2258",1792772,"mixmixmixmixmixmix","mix"
"2259",2920419,"5 Scrubs 1 Team","5S1T"
"2260",465398,"Chui Niu Bi","CnB"
"2261",2184343,"1 Game 1 Dream","1G1D"
"2262",1249631,"your_family","family"
"2263",1626524,"BelgianRD","BRD"
"2264",1767369,"F[u]Ry","F[u]Ry"
"2265",2842518,"Team GoldFish","I R FISH"
"2266",1884204,"NEXT.Kz..","NEXT.Kz."
"2267",2659012,"The Prime Eternal","TP.Etna"
"2268",1115421,"BBUBU+4","Pensiunn"
"2269",2855366,"Team POSEIDON Trident","TPT"
"2270",2640025,"iG.Vitality","iG.V"
"2271",2108395,"TNC Pro Team","TNC"
"2272",3477515,"Mouz","a"
"2273",3331948,"LGD.Forever Young","LFY"
"2274",1616631,"Flip.Sid3 Tactics NA","F3.NA"
"2275",1616740,"ravagee","ravag"
"2276",2856814,"NecroRaisers","NR"
"2277",36,"Natus Vincere","Na`Vi"
"2278",2801532,"Natus Vincere MN","Na Vi"
"2279",3848449,"Hive","Hive"
"2280",2628204,"Logic System","L´S"
"2281",1926789,"sPodlivoiGaming","hikka"
"2282",1993332,"PuDongOldboy","PDOB"
"2283",3334608,"A&A","A&A"
"2284",3583224,"RostovskiySanYa","RS"
"2285",3345478,"Lexus Gaming","LG"
"2286",1957463,"MuLan.girls","MuLan"
"2287",2794355,"Team.Phantom","TPhantom"
"2288",3730770,"Cancer Mental Attitude","CMA"
"2289",2746885,"Wings Red Gaming","Wings.R"
"2290",2201820,"-United We Stand-","uWs"
"2291",2728023,"No Animated Japanese Cartoons","Nam8"
"2292",864527,"Team ARK","ARK"
"2293",2067023,"loyolites","YOLO"
"2294",2892176,"TEAM SHIELD","T$"
"2295",3152604,"memoirs of memes","mems"
"2296",2762342,"Samurai Champlo0 2.0","CHAMPLOO"
"2297",2355828,"Cumback Boiz","Cboi"
"2298",2168675,"LOS DINOS","DINOS"
"2299",1840047,"BUHLO RULIT","BUHLO"
"2300",2112366,"Halberd Valeera","HalberdV"
"2301",2818499,"BABBBITERBANG","bT"
"2302",1062498,"Violent.Club","Vio"
"2303",2235149,"Anchors","Anchors"
"2304",3703188,"Danish Bears","DB"
"2305",1926560,"Ouster.161","Ouster"
"2306",2577368,"Los Mentalistas","LM"
"2307",3752004,"RENDEZVOUS","RVOUS"
"2308",1561998,"ROBOTSMASTER","RSM"
"2309",234666,"Neolution E-Sport International","Neo.Int"
"2310",2384935,"",""
"2311",2512249,"Digital Chaos","DC"
"2312",2114850,"Eye Of DooM^^","ED"
"2313",750805,"The United Front","TuF"
"2314",3686761,"BoRe","BoRe"
"2315",2510256,"TeamB eSports","Team[B]"
"2316",3353081,"Newbee assassin's","Na"
"2317",2825643,"OZAY GAMING","OZ"
"2318",2449883,"Dragons No Knight","DnK"
"2319",111474,"Alliance","Alliance"
"2320",2651916,"","Hfz"
"2321",2881024,"Polarity Gaming","Polarity"
"2322",3481244,"Team Instinct","Instinct"
"2323",1297648,"Still Ganking","-!-SG"
"2324",2043256,"Caution Xtreme","[Cx]-X.."
"2325",1151811,"TongFuCN","TFCN"
"2326",3546261,"Death Before Defeat","DBD"
"2327",2376763,"[C]RoWn [G]AminG","C.G."
"2328",3557556,"BUAT IVANA BANGGA","BOBOHO"
"2329",2970103,"friends","friends"
"2330",680683,"Quantic|Gaming","Quantic"
"2331",3379569,"Made in Bombay",""
"2332",2854237,"FTW-India","FTW"
"2333",2968181,"Be Safe!","Be"
"2334",947846,"Team FiFty9","Fifty9"
"2335",2069583,"Tudi is Gay","TudisGay"
"2336",3551256,"Whisper","Whisper"
"2337",3314165,"IMPERIAL","IMPERIAL"
"2338",2242878,"Shigatsu wa Kimi no Uso","SHIGATSU"
"2339",2917263,"Feral Rage","FR"
"2340",3660423,"Team Genesis","TG"
"2341",2713577,"borz1kkTheSuperman)))","bts."
"2342",2579635,"Goomba Gaming","GOOMBA"
"2343",3149621,"DruGz.","DruGz."
"2344",2913393,"DoOrDie","DoD"
"2345",1133709,"RevivaL.S7NC","RvL 7"
"2346",1969255,"Defence Yard","DY"
"2347",2762199,"",""
"2348",3715229,"Menara Gaming Team","MeGa"
"2349",2081859,"ElysiumGaming","Elysium"
"2350",2666603,"Old School Gaming.","OldSchool"
"2351",2233998,"Brilliant.","BT"
"2352",3456993,"<U+627E><U+961F>",""
"2353",3047213,"Black Knight",""
"2354",2428808,"bigot.gaming","B.G-"
"2355",2754114,"NO NENAS","NN"
"2356",2208748,"Team VDuoBao","VDuoBao"
"2357",2893691,"Indian Gamers ","IGians"
"2358",3210354,"Phantom Nation","PN"
"2359",2642171,"Team AD FINEM","AF"
"2360",166,"Scenario","Scenario"
"2361",2750257,"4Friends&JCox","4F&JC"
"2362",2769003,"ReneGade","R."
"2363",1990121,"",""
"2364",3259541,"GARRY","GARRY"
"2365",1671113,"SEEDTEAM","S.T."
"2366",1053907,"Genysis","Genysis"
"2367",2240771,"","Poc"
"2368",2920902,"Synergy","SyN"
"2369",1182760,"DAMEQUETEDOY","DQTD"
"2370",2141593,"LegendsOfDarknes","LoD"
"2371",3327682,"NEW KING GALUNGUNG","NKG"
"2372",1795724,"Yahweh Mercy","ym"
"2373",3330347,"LEVEL UP","lvlUP"
"2374",1884586,"VegetableBee","VB"
"2375",684912,"nAra sTacks","n`sTacks"
"2376",1658603,"TEAM FULL OF SHA BI","SHA BI"
"2377",3380524,"Team NV","clownsters"
"2378",2878091,"Game On","VaglS"
"2379",3315253,"Farm For Fame","F4F"
"2380",3625702,"TIM HORE","LULXDDD"
"2381",3100930,"Perfect Storm","Perfect"
"2382",2151103,"Team Taivnaa","TT"
"2383",2163,"Team Liquid","Liquid"
"2384",433549,"TheRerereTRY","TR"
"2385",1758629,"`Ardent Blaze","abL"
"2386",1104026,"For Our Utopia","fOu"
"2387",2039903,"Dumbledore`s Army","DA"
"2388",2833945,"Davai.Gaming.","DaGa"
"2389",2913529,"TTFU^","TTFU^"
"2390",2919821,"numot fanboysss",""
"2391",1954198,"2144 Gaming.Shield","2144"
"2392",2568070,"",""
"2393",2741983,"GranD T Fantasy","GTF"
"2394",1347728,"BifrosT GaminG ","BifrosT "
"2395",2285416,"Vicious FAME","VFAME"
"2396",7,"DK","DK"
"2397",3324625,"fab5","fab5"
"2398",3325212,"Natural 9","N9"
"2399",3266322,"Authentic Gaming","G"
"2400",2915834,"BALDER GOODS GAMING","BALDER"
"2401",2293742,"mYinsanity","mYi"
"2402",3922673,"XGATE POREK MENTAL ATTITUDE","X-PMA"
"2403",1447341,"MengXiangWangLuo","Mx"
"2404",3695713,"FEXONOMICON","FXC"
"2405",2905407,"FOXFIVE","FF"
"2406",1499348,"Dagon5.dota2","Dagon5"
"2407",3349045,"RUSH B","RUSH B"
"2408",3320697,"bifrost","bf"
"2409",2956898,"Assorted Knights","AKS"
"2410",1287185,"Pandawa.5","P5"
"2411",147,"Learn2Gank","L2G"
"2412",2849405,"Winter Omniscient","WO"
"2413",2514063,"Memo Gaming","MG"
"2414",2834646,"LessAndMore","LM"
"2415",35,"ICE`","ICE`"
"2416",1478921,"mYinsanity - sensei","mYi"
"2417",2850822,"King Arthur & 4 Knights","KaK"
"2418",3482511,"Crimsonbright","CB"
"2419",3152713,"IKEA","IKEA"
"2420",910414,"SHIF7 Gaming","SHIF7"
"2421",3781582,"INVISIUM","InV"
"2422",2330985,"Insane Buster","IB"
"2423",3655876,"Forsaken Team","FTM"
"2424",2867175,"PuckYou","PY"
"2425",2688106,"Newbie y","Nexus"
"2426",2128741,"Dota till i die","D.T.I.D"
"2427",1496373,"Pandora E-Sports","PES"
"2428",1983867,"Heng Heng Pain Train","HHPT"
"2429",1453020,"Sneaky Nyx Assassins","Nyx"
"2430",1400459,"SMAIKUM","SMAIKUM"
"2431",992217,"Piece of Cake~","PoC"
"2432",1804583,"Aces.VN","Aces"
"2433",1620577,"luo ma yu chang","lmyc"
"2434",887585,"NoThreat","TNT"
"2435",2810768,"IndestructibleDOTA","INDST"
"2436",2606100,"AFK ORG","AFK"
"2437",3313369,"No Techies",""
"2438",1804536,"STARK.gg","STARK"
"2439",2740432,"PMM_DSG","PG"
"2440",1605750,"White Rabbit ~ newb","WRG"
"2441",2235021,"YouPorn.SA","YP"
"2442",2816074,"PewpewStudio","PewpewVN"
"2443",1410939,"[D5] Dagon Five","D5"
"2444",557658,"python.Hunterz","pH"
"2445",3069376,"team VIRGO",""
